train,1,10133,1.19653,None,[0.0001],None
train,1,10389,1.17697,None,[0.0001],None
train,1,10645,0.997837,None,[0.0001],None
train,1,10901,1.10256,None,[0.0001],None
train,1,11157,1.01583,None,[0.0001],None
train,1,11413,1.0056,None,[0.0001],None
train,1,11669,0.973337,None,[0.0001],None
train,1,11925,1.07903,None,[0.0001],None
train,1,12181,1.04323,None,[0.0001],None
train,1,12437,0.958893,None,[0.0001],None
train,1,12693,1.03213,None,[0.0001],None
train,1,12949,1.02652,None,[0.0001],None
train,1,13205,1.00028,None,[0.0001],None
train,1,13461,0.99368,None,[0.0001],None
train,1,13717,0.993957,None,[0.0001],None
train,1,13973,0.9882,None,[0.0001],None
train,1,14229,1.01596,None,[0.0001],None
train,1,14485,1.00512,None,[0.0001],None
train,1,14741,0.996998,None,[0.0001],None
train,1,14997,1.01465,None,[0.0001],None
train,1,15253,0.996851,None,[0.0001],None
train,1,15509,0.982943,None,[0.0001],None
train,1,15765,0.992613,None,[0.0001],None
train,1,16021,0.976007,None,[0.0001],None
train,1,16277,0.987938,None,[0.0001],None
train,1,16533,0.985182,None,[0.0001],None
train,1,16789,0.979977,None,[0.0001],None
train,1,17045,0.986638,None,[0.0001],None
train,1,17301,0.97278,None,[0.0001],None
train,1,17557,0.96894,None,[0.0001],None
train,1,17813,0.995931,None,[0.0001],None
train,1,18069,0.989546,None,[0.0001],None
train,1,18325,0.972661,None,[0.0001],None
train,1,18581,0.973983,None,[0.0001],None
train,1,18837,0.966715,None,[0.0001],None
train,1,19093,0.962079,None,[0.0001],None
train,1,19349,0.976839,None,[0.0001],None
train,1,19605,0.970315,None,[0.0001],None
train,1,19861,0.977095,None,[0.0001],None
train,1,19861,0.977095,-0.0133260420696,[0.0001],None
val,1,None,1.07630638184,0.315267003153,None,0.26877879279721373
train,2,20266,0.965793,None,[0.0001],None
train,2,20522,0.947372,None,[0.0001],None
train,2,20778,0.94431,None,[0.0001],None
train,2,21034,0.943239,None,[0.0001],None
train,2,21290,0.949321,None,[0.0001],None
train,2,21546,0.959808,None,[0.0001],None
train,2,21802,0.953098,None,[0.0001],None
train,2,22058,0.918349,None,[0.0001],None
train,2,22314,0.941511,None,[0.0001],None
train,2,22570,0.939594,None,[0.0001],None
train,2,22826,0.919541,None,[0.0001],None
train,2,23082,0.936379,None,[0.0001],None
train,2,23338,0.903814,None,[0.0001],None
train,2,23594,0.919818,None,[0.0001],None
train,2,23850,0.893991,None,[0.0001],None
train,2,24106,0.922418,None,[0.0001],None
train,2,24362,0.896182,None,[0.0001],None
train,2,24618,0.905615,None,[0.0001],None
train,2,24874,0.926817,None,[0.0001],None
train,2,25130,0.881423,None,[0.0001],None
train,2,25386,0.942509,None,[0.0001],None
train,2,25642,0.890938,None,[0.0001],None
train,2,25898,0.913755,None,[0.0001],None
train,2,26154,0.870267,None,[0.0001],None
train,2,26410,0.864836,None,[0.0001],None
train,2,26666,0.851564,None,[0.0001],None
train,2,26922,0.840201,None,[0.0001],None
train,2,27178,0.860988,None,[0.0001],None
train,2,27434,0.847092,None,[0.0001],None
train,2,27690,0.866434,None,[0.0001],None
train,2,27946,0.807306,None,[0.0001],None
train,2,28202,0.8763,None,[0.0001],None
train,2,28458,0.825419,None,[0.0001],None
train,2,28714,0.853781,None,[0.0001],None
train,2,28970,0.784277,None,[0.0001],None
train,2,29226,0.839927,None,[0.0001],None
train,2,29482,0.865017,None,[0.0001],None
train,2,29738,0.839449,None,[0.0001],None
train,2,29994,0.866159,None,[0.0001],None
train,2,29994,0.866159,0.301514317146,[0.0001],None
val,2,None,0.796211302086,0.388262337173,None,0.1987550102485654
train,3,30399,0.798083,None,[0.0001],None
train,3,30655,0.786371,None,[0.0001],None
train,3,30911,0.792565,None,[0.0001],None
train,3,31167,0.83837,None,[0.0001],None
train,3,31423,0.79356,None,[0.0001],None
train,3,31679,0.858728,None,[0.0001],None
train,3,31935,0.795908,None,[0.0001],None
train,3,32191,0.768008,None,[0.0001],None
train,3,32447,0.810979,None,[0.0001],None
train,3,32703,0.789729,None,[0.0001],None
train,3,32959,0.830373,None,[0.0001],None
train,3,33215,0.861873,None,[0.0001],None
train,3,33471,0.812015,None,[0.0001],None
train,3,33727,0.750182,None,[0.0001],None
train,3,33983,0.773046,None,[0.0001],None
train,3,34239,0.807009,None,[0.0001],None
train,3,34495,0.801446,None,[0.0001],None
train,3,34751,0.790081,None,[0.0001],None
train,3,35007,0.781279,None,[0.0001],None
train,3,35263,0.754678,None,[0.0001],None
train,3,35519,0.85913,None,[0.0001],None
train,3,35775,0.780225,None,[0.0001],None
train,3,36031,0.723314,None,[0.0001],None
train,3,36287,0.789491,None,[0.0001],None
train,3,36543,0.742835,None,[0.0001],None
train,3,36799,0.820185,None,[0.0001],None
train,3,37055,0.757143,None,[0.0001],None
train,3,37311,0.732149,None,[0.0001],None
train,3,37567,0.827188,None,[0.0001],None
train,3,37823,0.832771,None,[0.0001],None
train,3,38079,0.896481,None,[0.0001],None
train,3,38335,0.859277,None,[0.0001],None
train,3,38591,0.799016,None,[0.0001],None
train,3,38847,0.785592,None,[0.0001],None
train,3,39103,0.745216,None,[0.0001],None
train,3,39359,0.743235,None,[0.0001],None
train,3,39615,0.806308,None,[0.0001],None
train,3,39871,0.841347,None,[0.0001],None
train,3,40127,0.777623,None,[0.0001],None
train,3,40127,0.777623,0.388581808476,[0.0001],None
val,3,None,0.803368883207,0.432588847142,None,0.20054440054269188
train,4,40532,0.749658,None,[0.0001],None
train,4,40788,0.799927,None,[0.0001],None
train,4,41044,0.803829,None,[0.0001],None
train,4,41300,0.79404,None,[0.0001],None
train,4,41556,0.747257,None,[0.0001],None
train,4,41812,0.795533,None,[0.0001],None
train,4,42068,0.754795,None,[0.0001],None
train,4,42324,0.820532,None,[0.0001],None
train,4,42580,0.753052,None,[0.0001],None
train,4,42836,0.804599,None,[0.0001],None
train,4,43092,0.869776,None,[0.0001],None
train,4,43348,0.796828,None,[0.0001],None
train,4,43604,0.762709,None,[0.0001],None
train,4,43860,0.695016,None,[0.0001],None
train,4,44116,0.713842,None,[0.0001],None
train,4,44372,0.795996,None,[0.0001],None
train,4,44628,0.74236,None,[0.0001],None
train,4,44884,0.727429,None,[0.0001],None
train,4,45140,0.779929,None,[0.0001],None
train,4,45396,0.710464,None,[0.0001],None
train,4,45652,0.736168,None,[0.0001],None
train,4,45908,0.757708,None,[0.0001],None
train,4,46164,0.790377,None,[0.0001],None
train,4,46420,0.783465,None,[0.0001],None
train,4,46676,0.734489,None,[0.0001],None
train,4,46932,0.746198,None,[0.0001],None
train,4,47188,0.759417,None,[0.0001],None
train,4,47444,0.820365,None,[0.0001],None
train,4,47700,0.741727,None,[0.0001],None
train,4,47956,0.746324,None,[0.0001],None
train,4,48212,0.728357,None,[0.0001],None
train,4,48468,0.796635,None,[0.0001],None
train,4,48724,0.83024,None,[0.0001],None
train,4,48980,0.831898,None,[0.0001],None
train,4,49236,0.778182,None,[0.0001],None
train,4,49492,0.701083,None,[0.0001],None
train,4,49748,0.774286,None,[0.0001],None
train,4,50004,0.727593,None,[0.0001],None
train,4,50260,0.731776,None,[0.0001],None
train,4,50260,0.731776,0.41668910485,[0.0001],None
val,4,None,0.727178356028,0.452464811962,None,0.18149676102087484
train,5,50665,0.698722,None,[0.0001],None
train,5,50921,0.828764,None,[0.0001],None
train,5,51177,0.710936,None,[0.0001],None
train,5,51433,0.640145,None,[0.0001],None
train,5,51689,0.729125,None,[0.0001],None
train,5,51945,0.711031,None,[0.0001],None
train,5,52201,0.699469,None,[0.0001],None
train,5,52457,0.726113,None,[0.0001],None
train,5,52713,0.700026,None,[0.0001],None
train,5,52969,0.68169,None,[0.0001],None
train,5,53225,0.789923,None,[0.0001],None
train,5,53481,0.812677,None,[0.0001],None
train,5,53737,0.829416,None,[0.0001],None
train,5,53993,0.789746,None,[0.0001],None
train,5,54249,0.781562,None,[0.0001],None
train,5,54505,0.651157,None,[0.0001],None
train,5,54761,0.74996,None,[0.0001],None
train,5,55017,0.711849,None,[0.0001],None
train,5,55273,0.813324,None,[0.0001],None
train,5,55529,0.75839,None,[0.0001],None
train,5,55785,0.798487,None,[0.0001],None
train,5,56041,0.7426,None,[0.0001],None
train,5,56297,0.806197,None,[0.0001],None
train,5,56553,0.712603,None,[0.0001],None
train,5,56809,0.722876,None,[0.0001],None
train,5,57065,0.730195,None,[0.0001],None
train,5,57321,0.68273,None,[0.0001],None
train,5,57577,0.702448,None,[0.0001],None
train,5,57833,0.80171,None,[0.0001],None
train,5,58089,0.729242,None,[0.0001],None
train,5,58345,0.728487,None,[0.0001],None
train,5,58601,0.823713,None,[0.0001],None
train,5,58857,0.736248,None,[0.0001],None
train,5,59113,0.789188,None,[0.0001],None
train,5,59369,0.790867,None,[0.0001],None
train,5,59625,0.688557,None,[0.0001],None
train,5,59881,0.756616,None,[0.0001],None
train,5,60137,0.763769,None,[0.0001],None
train,5,60393,0.678658,None,[0.0001],None
train,5,60393,0.678658,0.441671208444,[0.0001],None
val,5,None,0.701996468926,0.4701753568,None,0.17520128421631476
train,6,60798,0.651393,None,[0.0001],None
train,6,61054,0.736697,None,[0.0001],None
train,6,61310,0.819326,None,[0.0001],None
train,6,61566,0.805238,None,[0.0001],None
train,6,61822,0.768606,None,[0.0001],None
train,6,62078,0.681518,None,[0.0001],None
train,6,62334,0.762532,None,[0.0001],None
train,6,62590,0.763283,None,[0.0001],None
train,6,62846,0.720417,None,[0.0001],None
train,6,63102,0.682973,None,[0.0001],None
train,6,63358,0.645744,None,[0.0001],None
train,6,63614,0.653764,None,[0.0001],None
train,6,63870,0.785743,None,[0.0001],None
train,6,64126,0.717469,None,[0.0001],None
train,6,64382,0.801199,None,[0.0001],None
train,6,64638,0.739969,None,[0.0001],None
train,6,64894,0.78917,None,[0.0001],None
train,6,65150,0.652396,None,[0.0001],None
train,6,65406,0.710898,None,[0.0001],None
train,6,65662,0.791446,None,[0.0001],None
train,6,65918,0.721954,None,[0.0001],None
train,6,66174,0.662853,None,[0.0001],None
train,6,66430,0.664641,None,[0.0001],None
train,6,66686,0.751797,None,[0.0001],None
train,6,66942,0.811255,None,[0.0001],None
train,6,67198,0.711905,None,[0.0001],None
train,6,67454,0.745377,None,[0.0001],None
train,6,67710,0.713439,None,[0.0001],None
train,6,67966,0.681987,None,[0.0001],None
train,6,68222,0.658535,None,[0.0001],None
train,6,68478,0.676369,None,[0.0001],None
train,6,68734,0.683964,None,[0.0001],None
train,6,68990,0.711048,None,[0.0001],None
train,6,69246,0.797027,None,[0.0001],None
train,6,69502,0.691106,None,[0.0001],None
train,6,69758,0.73906,None,[0.0001],None
train,6,70014,0.702681,None,[0.0001],None
train,6,70270,0.77987,None,[0.0001],None
train,6,70526,0.785357,None,[0.0001],None
train,6,70526,0.785357,0.462722207939,[0.0001],None
val,6,None,0.711417857144,0.476524782272,None,0.17755662599422745
train,7,70931,0.712614,None,[0.0001],None
train,7,71187,0.628662,None,[0.0001],None
train,7,71443,0.675138,None,[0.0001],None
train,7,71699,0.661061,None,[0.0001],None
train,7,71955,0.63103,None,[0.0001],None
train,7,72211,0.720444,None,[0.0001],None
train,7,72467,0.683161,None,[0.0001],None
train,7,72723,0.77906,None,[0.0001],None
train,7,72979,0.72797,None,[0.0001],None
train,7,73235,0.734187,None,[0.0001],None
train,7,73491,0.710184,None,[0.0001],None
train,7,73747,0.740359,None,[0.0001],None
train,7,74003,0.641546,None,[0.0001],None
train,7,74259,0.730448,None,[0.0001],None
train,7,74515,0.728817,None,[0.0001],None
train,7,74771,0.686781,None,[0.0001],None
train,7,75027,0.684042,None,[0.0001],None
train,7,75283,0.766056,None,[0.0001],None
train,7,75539,0.727023,None,[0.0001],None
train,7,75795,0.794378,None,[0.0001],None
train,7,76051,0.710994,None,[0.0001],None
train,7,76307,0.716349,None,[0.0001],None
train,7,76563,0.726453,None,[0.0001],None
train,7,76819,0.7898,None,[0.0001],None
train,7,77075,0.763864,None,[0.0001],None
train,7,77331,0.679333,None,[0.0001],None
train,7,77587,0.743592,None,[0.0001],None
train,7,77843,0.682244,None,[0.0001],None
train,7,78099,0.719795,None,[0.0001],None
train,7,78355,0.625317,None,[0.0001],None
train,7,78611,0.628667,None,[0.0001],None
train,7,78867,0.593864,None,[0.0001],None
train,7,79123,0.701057,None,[0.0001],None
train,7,79379,0.688663,None,[0.0001],None
train,7,79635,0.732628,None,[0.0001],None
train,7,79891,0.822564,None,[0.0001],None
train,7,80147,0.70238,None,[0.0001],None
train,7,80403,0.691106,None,[0.0001],None
train,7,80659,0.756454,None,[0.0001],None
train,7,80659,0.756454,0.465617582232,[0.0001],None
val,7,None,0.753958328032,0.476979409304,None,0.18819173342194884
train,8,81064,0.675353,None,[0.0001],None
train,8,81320,0.636756,None,[0.0001],None
train,8,81576,0.665777,None,[0.0001],None
train,8,81832,0.724143,None,[0.0001],None
train,8,82088,0.666237,None,[0.0001],None
train,8,82344,0.774919,None,[0.0001],None
train,8,82600,0.691654,None,[0.0001],None
train,8,82856,0.701386,None,[0.0001],None
train,8,83112,0.716215,None,[0.0001],None
train,8,83368,0.644182,None,[0.0001],None
train,8,83624,0.660178,None,[0.0001],None
train,8,83880,0.721892,None,[0.0001],None
train,8,84136,0.708695,None,[0.0001],None
train,8,84392,0.707299,None,[0.0001],None
train,8,84648,0.737383,None,[0.0001],None
train,8,84904,0.722454,None,[0.0001],None
train,8,85160,0.694864,None,[0.0001],None
train,8,85416,0.779885,None,[0.0001],None
train,8,85672,0.697569,None,[0.0001],None
train,8,85928,0.728635,None,[0.0001],None
train,8,86184,0.660335,None,[0.0001],None
train,8,86440,0.695933,None,[0.0001],None
train,8,86696,0.681248,None,[0.0001],None
train,8,86952,0.713248,None,[0.0001],None
train,8,87208,0.711172,None,[0.0001],None
train,8,87464,0.81952,None,[0.0001],None
train,8,87720,0.698072,None,[0.0001],None
train,8,87976,0.569458,None,[0.0001],None
train,8,88232,0.825786,None,[0.0001],None
train,8,88488,0.685942,None,[0.0001],None
train,8,88744,0.712471,None,[0.0001],None
train,8,89000,0.692373,None,[0.0001],None
train,8,89256,0.71794,None,[0.0001],None
train,8,89512,0.67472,None,[0.0001],None
train,8,89768,0.757869,None,[0.0001],None
train,8,90024,0.682768,None,[0.0001],None
train,8,90280,0.638331,None,[0.0001],None
train,8,90536,0.689805,None,[0.0001],None
train,8,90792,0.802982,None,[0.0001],None
train,8,90792,0.802982,0.47290299018,[0.0001],None
val,8,None,0.721736946389,0.484693778455,None,0.18013639197705078
train,9,91197,0.753215,None,[0.0001],None
train,9,91453,0.617554,None,[0.0001],None
train,9,91709,0.713682,None,[0.0001],None
train,9,91965,0.806935,None,[0.0001],None
train,9,92221,0.747519,None,[0.0001],None
train,9,92477,0.58606,None,[0.0001],None
train,9,92733,0.691122,None,[0.0001],None
train,9,92989,0.644605,None,[0.0001],None
train,9,93245,0.8336,None,[0.0001],None
train,9,93501,0.738393,None,[0.0001],None
train,9,93757,0.698707,None,[0.0001],None
train,9,94013,0.708759,None,[0.0001],None
train,9,94269,0.643132,None,[0.0001],None
train,9,94525,0.714058,None,[0.0001],None
train,9,94781,0.652454,None,[0.0001],None
train,9,95037,0.662059,None,[0.0001],None
train,9,95293,0.670346,None,[0.0001],None
train,9,95549,0.655585,None,[0.0001],None
train,9,95805,0.704516,None,[0.0001],None
train,9,96061,0.747853,None,[0.0001],None
train,9,96317,0.730877,None,[0.0001],None
train,9,96573,0.653105,None,[0.0001],None
train,9,96829,0.717906,None,[0.0001],None
train,9,97085,0.659629,None,[0.0001],None
train,9,97341,0.703191,None,[0.0001],None
train,9,97597,0.703585,None,[0.0001],None
train,9,97853,0.686297,None,[0.0001],None
train,9,98109,0.773378,None,[0.0001],None
train,9,98365,0.670225,None,[0.0001],None
train,9,98621,0.659221,None,[0.0001],None
train,9,98877,0.635906,None,[0.0001],None
train,9,99133,0.604585,None,[0.0001],None
train,9,99389,0.752204,None,[0.0001],None
train,9,99645,0.763763,None,[0.0001],None
train,9,99901,0.741692,None,[0.0001],None
train,9,100157,0.645622,None,[0.0001],None
train,9,100413,0.726737,None,[0.0001],None
train,9,100669,0.684522,None,[0.0001],None
train,9,100925,0.692784,None,[0.0001],None
train,9,100925,0.692784,0.486015428795,[0.0001],None
val,9,None,0.676312582244,0.501704889391,None,0.1687802912968182
train,10,101330,0.650939,None,[0.0001],None
train,10,101586,0.689194,None,[0.0001],None
train,10,101842,0.706981,None,[0.0001],None
train,10,102098,0.610546,None,[0.0001],None
train,10,102354,0.690789,None,[0.0001],None
train,10,102610,0.632889,None,[0.0001],None
train,10,102866,0.563649,None,[0.0001],None
train,10,103122,0.70763,None,[0.0001],None
train,10,103378,0.594185,None,[0.0001],None
train,10,103634,0.709764,None,[0.0001],None
train,10,103890,0.758954,None,[0.0001],None
train,10,104146,0.614839,None,[0.0001],None
train,10,104402,0.60995,None,[0.0001],None
train,10,104658,0.727018,None,[0.0001],None
train,10,104914,0.711853,None,[0.0001],None
train,10,105170,0.705946,None,[0.0001],None
train,10,105426,0.641638,None,[0.0001],None
train,10,105682,0.671896,None,[0.0001],None
train,10,105938,0.754594,None,[0.0001],None
train,10,106194,0.655578,None,[0.0001],None
train,10,106450,0.702812,None,[0.0001],None
train,10,106706,0.677482,None,[0.0001],None
train,10,106962,0.639662,None,[0.0001],None
train,10,107218,0.808833,None,[0.0001],None
train,10,107474,0.698011,None,[0.0001],None
train,10,107730,0.752108,None,[0.0001],None
train,10,107986,0.669299,None,[0.0001],None
train,10,108242,0.721018,None,[0.0001],None
train,10,108498,0.727343,None,[0.0001],None
train,10,108754,0.665259,None,[0.0001],None
train,10,109010,0.67129,None,[0.0001],None
train,10,109266,0.729269,None,[0.0001],None
train,10,109522,0.740329,None,[0.0001],None
train,10,109778,0.759097,None,[0.0001],None
train,10,110034,0.652605,None,[0.0001],None
train,10,110290,0.688483,None,[0.0001],None
train,10,110546,0.729383,None,[0.0001],None
train,10,110802,0.706045,None,[0.0001],None
train,10,111058,0.670712,None,[0.0001],None
train,10,111058,0.670712,0.462945483775,[0.0001],None
val,10,None,0.744547217205,0.505791565138,None,0.18583893971731552
train,11,111463,0.62705,None,[0.0001],None
train,11,111719,0.785176,None,[0.0001],None
train,11,111975,0.793946,None,[0.0001],None
train,11,112231,0.656555,None,[0.0001],None
train,11,112487,0.634286,None,[0.0001],None
train,11,112743,0.61474,None,[0.0001],None
train,11,112999,0.616564,None,[0.0001],None
train,11,113255,0.658913,None,[0.0001],None
train,11,113511,0.633989,None,[0.0001],None
train,11,113767,0.72441,None,[0.0001],None
train,11,114023,0.676414,None,[0.0001],None
train,11,114279,0.642708,None,[0.0001],None
train,11,114535,0.666455,None,[0.0001],None
train,11,114791,0.661966,None,[0.0001],None
train,11,115047,0.684364,None,[0.0001],None
train,11,115303,0.652081,None,[0.0001],None
train,11,115559,0.682293,None,[0.0001],None
train,11,115815,0.678053,None,[0.0001],None
train,11,116071,0.714971,None,[0.0001],None
train,11,116327,0.672524,None,[0.0001],None
train,11,116583,0.665528,None,[0.0001],None
train,11,116839,0.665115,None,[0.0001],None
train,11,117095,0.728174,None,[0.0001],None
train,11,117351,0.678466,None,[0.0001],None
train,11,117607,0.676611,None,[0.0001],None
train,11,117863,0.720254,None,[0.0001],None
train,11,118119,0.69961,None,[0.0001],None
train,11,118375,0.630276,None,[0.0001],None
train,11,118631,0.624631,None,[0.0001],None
train,11,118887,0.683549,None,[0.0001],None
train,11,119143,0.684184,None,[0.0001],None
train,11,119399,0.723515,None,[0.0001],None
train,11,119655,0.640782,None,[0.0001],None
train,11,119911,0.712089,None,[0.0001],None
train,11,120167,0.707097,None,[0.0001],None
train,11,120423,0.69397,None,[0.0001],None
train,11,120679,0.690145,None,[0.0001],None
train,11,120935,0.649019,None,[0.0001],None
train,11,121191,0.6106,None,[0.0001],None
train,11,121191,0.6106,0.50869331753,[0.0001],None
val,11,None,0.687025717951,0.509582825492,None,0.17145855290737438
train,12,121596,0.656533,None,[0.0001],None
train,12,121852,0.703768,None,[0.0001],None
train,12,122108,0.651743,None,[0.0001],None
train,12,122364,0.67471,None,[0.0001],None
train,12,122620,0.639298,None,[0.0001],None
train,12,122876,0.653433,None,[0.0001],None
train,12,123132,0.684495,None,[0.0001],None
train,12,123388,0.64219,None,[0.0001],None
train,12,123644,0.70831,None,[0.0001],None
train,12,123900,0.624474,None,[0.0001],None
train,12,124156,0.742076,None,[0.0001],None
train,12,124412,0.646417,None,[0.0001],None
train,12,124668,0.688141,None,[0.0001],None
train,12,124924,0.662052,None,[0.0001],None
train,12,125180,0.647993,None,[0.0001],None
train,12,125436,0.686132,None,[0.0001],None
train,12,125692,0.740838,None,[0.0001],None
train,12,125948,0.596254,None,[0.0001],None
train,12,126204,0.649047,None,[0.0001],None
train,12,126460,0.672094,None,[0.0001],None
train,12,126716,0.688368,None,[0.0001],None
train,12,126972,0.704709,None,[0.0001],None
train,12,127228,0.61629,None,[0.0001],None
train,12,127484,0.638221,None,[0.0001],None
train,12,127740,0.624317,None,[0.0001],None
train,12,127996,0.634768,None,[0.0001],None
train,12,128252,0.719159,None,[0.0001],None
train,12,128508,0.643117,None,[0.0001],None
train,12,128764,0.611352,None,[0.0001],None
train,12,129020,0.626672,None,[0.0001],None
train,12,129276,0.673238,None,[0.0001],None
train,12,129532,0.621476,None,[0.0001],None
train,12,129788,0.657196,None,[0.0001],None
train,12,130044,0.701931,None,[0.0001],None
train,12,130300,0.672035,None,[0.0001],None
train,12,130556,0.678407,None,[0.0001],None
train,12,130812,0.614384,None,[0.0001],None
train,12,131068,0.696941,None,[0.0001],None
train,12,131324,0.708882,None,[0.0001],None
train,12,131324,0.708882,0.499797257402,[0.0001],None
val,12,None,0.645366769594,0.514006003126,None,0.1610438061990246
train,13,131729,0.614459,None,[0.0001],None
train,13,131985,0.684359,None,[0.0001],None
train,13,132241,0.579244,None,[0.0001],None
train,13,132497,0.693768,None,[0.0001],None
train,13,132753,0.620955,None,[0.0001],None
train,13,133009,0.571027,None,[0.0001],None
train,13,133265,0.694713,None,[0.0001],None
train,13,133521,0.659256,None,[0.0001],None
train,13,133777,0.671945,None,[0.0001],None
train,13,134033,0.616469,None,[0.0001],None
train,13,134289,0.709493,None,[0.0001],None
train,13,134545,0.616643,None,[0.0001],None
train,13,134801,0.657612,None,[0.0001],None
train,13,135057,0.765459,None,[0.0001],None
train,13,135313,0.638524,None,[0.0001],None
train,13,135569,0.670165,None,[0.0001],None
train,13,135825,0.679183,None,[0.0001],None
train,13,136081,0.641754,None,[0.0001],None
train,13,136337,0.607187,None,[0.0001],None
train,13,136593,0.5759,None,[0.0001],None
train,13,136849,0.61565,None,[0.0001],None
train,13,137105,0.763935,None,[0.0001],None
train,13,137361,0.707592,None,[0.0001],None
train,13,137617,0.584814,None,[0.0001],None
train,13,137873,0.654097,None,[0.0001],None
train,13,138129,0.69855,None,[0.0001],None
train,13,138385,0.635079,None,[0.0001],None
train,13,138641,0.566487,None,[0.0001],None
train,13,138897,0.636767,None,[0.0001],None
train,13,139153,0.645656,None,[0.0001],None
train,13,139409,0.696306,None,[0.0001],None
train,13,139665,0.739951,None,[0.0001],None
train,13,139921,0.664309,None,[0.0001],None
train,13,140177,0.617436,None,[0.0001],None
train,13,140433,0.489612,None,[0.0001],None
train,13,140689,0.633671,None,[0.0001],None
train,13,140945,0.68911,None,[0.0001],None
train,13,141201,0.701777,None,[0.0001],None
train,13,141457,0.637632,None,[0.0001],None
train,13,141457,0.637632,0.500625338141,[0.0001],None
val,13,None,0.645519281039,0.522208352407,None,0.16108194844964016
train,14,141862,0.623586,None,[0.0001],None
train,14,142118,0.657457,None,[0.0001],None
train,14,142374,0.584893,None,[0.0001],None
train,14,142630,0.62205,None,[0.0001],None
train,14,142886,0.670436,None,[0.0001],None
train,14,143142,0.63832,None,[0.0001],None
train,14,143398,0.629452,None,[0.0001],None
train,14,143654,0.613407,None,[0.0001],None
train,14,143910,0.685823,None,[0.0001],None
train,14,144166,0.722708,None,[0.0001],None
train,14,144422,0.78196,None,[0.0001],None
train,14,144678,0.681473,None,[0.0001],None
train,14,144934,0.737162,None,[0.0001],None
train,14,145190,0.59619,None,[0.0001],None
train,14,145446,0.694797,None,[0.0001],None
train,14,145702,0.580137,None,[0.0001],None
train,14,145958,0.666121,None,[0.0001],None
train,14,146214,0.722558,None,[0.0001],None
train,14,146470,0.611484,None,[0.0001],None
train,14,146726,0.643122,None,[0.0001],None
train,14,146982,0.576891,None,[0.0001],None
train,14,147238,0.601222,None,[0.0001],None
train,14,147494,0.600403,None,[0.0001],None
train,14,147750,0.513704,None,[0.0001],None
train,14,148006,0.68195,None,[0.0001],None
train,14,148262,0.614516,None,[0.0001],None
train,14,148518,0.735567,None,[0.0001],None
train,14,148774,0.626484,None,[0.0001],None
train,14,149030,0.633571,None,[0.0001],None
train,14,149286,0.553956,None,[0.0001],None
train,14,149542,0.732414,None,[0.0001],None
train,14,149798,0.709964,None,[0.0001],None
train,14,150054,0.659312,None,[0.0001],None
train,14,150310,0.637799,None,[0.0001],None
train,14,150566,0.587034,None,[0.0001],None
train,14,150822,0.599371,None,[0.0001],None
train,14,151078,0.68042,None,[0.0001],None
train,14,151334,0.559485,None,[0.0001],None
train,14,151590,0.75487,None,[0.0001],None
train,14,151590,0.75487,0.507108787312,[0.0001],None
val,14,None,0.635081888073,0.528479967066,None,0.15847260853218947
train,15,151995,0.652197,None,[0.0001],None
train,15,152251,0.631073,None,[0.0001],None
train,15,152507,0.633727,None,[0.0001],None
train,15,152763,0.62454,None,[0.0001],None
train,15,153019,0.680034,None,[0.0001],None
train,15,153275,0.568038,None,[0.0001],None
train,15,153531,0.65695,None,[0.0001],None
train,15,153787,0.715467,None,[0.0001],None
train,15,154043,0.557909,None,[0.0001],None
train,15,154299,0.626446,None,[0.0001],None
train,15,154555,0.578551,None,[0.0001],None
train,15,154811,0.597273,None,[0.0001],None
train,15,155067,0.606949,None,[0.0001],None
train,15,155323,0.701676,None,[0.0001],None
train,15,155579,0.645377,None,[0.0001],None
train,15,155835,0.613898,None,[0.0001],None
train,15,156091,0.592478,None,[0.0001],None
train,15,156347,0.676305,None,[0.0001],None
train,15,156603,0.591296,None,[0.0001],None
train,15,156859,0.634203,None,[0.0001],None
train,15,157115,0.723421,None,[0.0001],None
train,15,157371,0.668325,None,[0.0001],None
train,15,157627,0.690263,None,[0.0001],None
train,15,157883,0.594581,None,[0.0001],None
train,15,158139,0.646578,None,[0.0001],None
train,15,158395,0.587835,None,[0.0001],None
train,15,158651,0.576827,None,[0.0001],None
train,15,158907,0.53495,None,[0.0001],None
train,15,159163,0.653471,None,[0.0001],None
train,15,159419,0.656756,None,[0.0001],None
train,15,159675,0.612534,None,[0.0001],None
train,15,159931,0.614814,None,[0.0001],None
train,15,160187,0.68744,None,[0.0001],None
train,15,160443,0.633176,None,[0.0001],None
train,15,160699,0.667623,None,[0.0001],None
train,15,160955,0.541666,None,[0.0001],None
train,15,161211,0.678287,None,[0.0001],None
train,15,161467,0.586141,None,[0.0001],None
train,15,161723,0.698834,None,[0.0001],None
train,15,161723,0.698834,0.531511708712,[0.0001],None
val,15,None,0.630612836116,0.523542273211,None,0.15735534178931798
train,16,162128,0.600801,None,[0.0001],None
train,16,162384,0.623912,None,[0.0001],None
train,16,162640,0.626065,None,[0.0001],None
train,16,162896,0.590314,None,[0.0001],None
train,16,163152,0.60076,None,[0.0001],None
train,16,163408,0.621857,None,[0.0001],None
train,16,163664,0.597143,None,[0.0001],None
train,16,163920,0.661516,None,[0.0001],None
train,16,164176,0.594546,None,[0.0001],None
train,16,164432,0.567625,None,[0.0001],None
train,16,164688,0.680425,None,[0.0001],None
train,16,164944,0.702636,None,[0.0001],None
train,16,165200,0.842845,None,[0.0001],None
train,16,165456,0.691739,None,[0.0001],None
train,16,165712,0.543031,None,[0.0001],None
train,16,165968,0.643929,None,[0.0001],None
train,16,166224,0.683644,None,[0.0001],None
train,16,166480,0.632921,None,[0.0001],None
train,16,166736,0.673246,None,[0.0001],None
train,16,166992,0.65944,None,[0.0001],None
train,16,167248,0.680945,None,[0.0001],None
train,16,167504,0.608578,None,[0.0001],None
train,16,167760,0.62499,None,[0.0001],None
train,16,168016,0.643914,None,[0.0001],None
train,16,168272,0.622082,None,[0.0001],None
train,16,168528,0.608432,None,[0.0001],None
train,16,168784,0.483862,None,[0.0001],None
train,16,169040,0.608082,None,[0.0001],None
train,16,169296,0.576488,None,[0.0001],None
train,16,169552,0.528811,None,[0.0001],None
train,16,169808,0.736594,None,[0.0001],None
train,16,170064,0.747905,None,[0.0001],None
train,16,170320,0.645611,None,[0.0001],None
train,16,170576,0.585365,None,[0.0001],None
train,16,170832,0.626909,None,[0.0001],None
train,16,171088,0.690377,None,[0.0001],None
train,16,171344,0.710126,None,[0.0001],None
train,16,171600,0.747157,None,[0.0001],None
train,16,171856,0.625597,None,[0.0001],None
train,16,171856,0.625597,0.512939687236,[0.0001],None
val,16,None,0.612925621836,0.537742884803,None,0.15293349571809942
train,17,172261,0.660236,None,[0.0001],None
train,17,172517,0.699818,None,[0.0001],None
train,17,172773,0.628192,None,[0.0001],None
train,17,173029,0.674498,None,[0.0001],None
train,17,173285,0.615423,None,[0.0001],None
train,17,173541,0.619361,None,[0.0001],None
train,17,173797,0.625183,None,[0.0001],None
train,17,174053,0.745276,None,[0.0001],None
train,17,174309,0.681956,None,[0.0001],None
train,17,174565,0.599117,None,[0.0001],None
train,17,174821,0.607125,None,[0.0001],None
train,17,175077,0.647747,None,[0.0001],None
train,17,175333,0.675317,None,[0.0001],None
train,17,175589,0.569937,None,[0.0001],None
train,17,175845,0.616657,None,[0.0001],None
train,17,176101,0.707375,None,[0.0001],None
train,17,176357,0.657405,None,[0.0001],None
train,17,176613,0.669154,None,[0.0001],None
train,17,176869,0.702842,None,[0.0001],None
train,17,177125,0.61668,None,[0.0001],None
train,17,177381,0.574027,None,[0.0001],None
train,17,177637,0.603695,None,[0.0001],None
train,17,177893,0.594373,None,[0.0001],None
train,17,178149,0.623576,None,[0.0001],None
train,17,178405,0.601845,None,[0.0001],None
train,17,178661,0.585612,None,[0.0001],None
train,17,178917,0.676475,None,[0.0001],None
train,17,179173,0.639854,None,[0.0001],None
train,17,179429,0.683827,None,[0.0001],None
train,17,179685,0.537805,None,[0.0001],None
train,17,179941,0.681721,None,[0.0001],None
train,17,180197,0.635069,None,[0.0001],None
train,17,180453,0.746398,None,[0.0001],None
train,17,180709,0.531933,None,[0.0001],None
train,17,180965,0.618816,None,[0.0001],None
train,17,181221,0.72367,None,[0.0001],None
train,17,181477,0.675152,None,[0.0001],None
train,17,181733,0.641822,None,[0.0001],None
train,17,181989,0.597857,None,[0.0001],None
train,17,181989,0.597857,0.526243323481,[0.0001],None
val,17,None,0.636714323359,0.531009203077,None,0.1588806775389209
train,18,182394,0.635102,None,[0.0001],None
train,18,182650,0.557362,None,[0.0001],None
train,18,182906,0.72731,None,[0.0001],None
train,18,183162,0.590848,None,[0.0001],None
train,18,183418,0.597695,None,[0.0001],None
train,18,183674,0.759424,None,[0.0001],None
train,18,183930,0.656431,None,[0.0001],None
train,18,184186,0.530807,None,[0.0001],None
train,18,184442,0.660641,None,[0.0001],None
train,18,184698,0.580834,None,[0.0001],None
train,18,184954,0.700764,None,[0.0001],None
train,18,185210,0.540253,None,[0.0001],None
train,18,185466,0.642344,None,[0.0001],None
train,18,185722,0.670817,None,[0.0001],None
train,18,185978,0.560983,None,[0.0001],None
train,18,186234,0.569128,None,[0.0001],None
train,18,186490,0.650697,None,[0.0001],None
train,18,186746,0.623513,None,[0.0001],None
train,18,187002,0.633103,None,[0.0001],None
train,18,187258,0.671773,None,[0.0001],None
train,18,187514,0.594617,None,[0.0001],None
train,18,187770,0.653418,None,[0.0001],None
train,18,188026,0.570307,None,[0.0001],None
train,18,188282,0.588335,None,[0.0001],None
train,18,188538,0.632915,None,[0.0001],None
train,18,188794,0.585992,None,[0.0001],None
train,18,189050,0.650872,None,[0.0001],None
train,18,189306,0.632018,None,[0.0001],None
train,18,189562,0.560214,None,[0.0001],None
train,18,189818,0.639047,None,[0.0001],None
train,18,190074,0.669277,None,[0.0001],None
train,18,190330,0.598189,None,[0.0001],None
train,18,190586,0.564923,None,[0.0001],None
train,18,190842,0.614018,None,[0.0001],None
train,18,191098,0.6327,None,[0.0001],None
train,18,191354,0.608396,None,[0.0001],None
train,18,191610,0.6392,None,[0.0001],None
train,18,191866,0.538045,None,[0.0001],None
train,18,192122,0.542607,None,[0.0001],None
train,18,192122,0.542607,0.535854478154,[0.0001],None
val,18,None,0.623718001427,0.537470294806,None,0.15563159503592094
train,19,192527,0.691374,None,[0.0001],None
train,19,192783,0.482095,None,[0.0001],None
train,19,193039,0.637891,None,[0.0001],None
train,19,193295,0.502124,None,[0.0001],None
train,19,193551,0.639223,None,[0.0001],None
train,19,193807,0.589857,None,[0.0001],None
train,19,194063,0.581489,None,[0.0001],None
train,19,194319,0.543987,None,[0.0001],None
train,19,194575,0.600558,None,[0.0001],None
train,19,194831,0.603535,None,[0.0001],None
train,19,195087,0.593284,None,[0.0001],None
train,19,195343,0.554045,None,[0.0001],None
train,19,195599,0.627635,None,[0.0001],None
train,19,195855,0.585391,None,[0.0001],None
train,19,196111,0.664821,None,[0.0001],None
train,19,196367,0.631758,None,[0.0001],None
train,19,196623,0.5929,None,[0.0001],None
train,19,196879,0.646474,None,[0.0001],None
train,19,197135,0.518147,None,[0.0001],None
train,19,197391,0.58995,None,[0.0001],None
train,19,197647,0.61264,None,[0.0001],None
train,19,197903,0.553555,None,[0.0001],None
train,19,198159,0.685882,None,[0.0001],None
train,19,198415,0.558479,None,[0.0001],None
train,19,198671,0.645266,None,[0.0001],None
train,19,198927,0.626619,None,[0.0001],None
train,19,199183,0.561342,None,[0.0001],None
train,19,199439,0.616257,None,[0.0001],None
train,19,199695,0.569712,None,[0.0001],None
train,19,199951,0.636124,None,[0.0001],None
train,19,200207,0.609717,None,[0.0001],None
train,19,200463,0.580024,None,[0.0001],None
train,19,200719,0.624203,None,[0.0001],None
train,19,200975,0.686485,None,[0.0001],None
train,19,201231,0.582076,None,[0.0001],None
train,19,201487,0.691888,None,[0.0001],None
train,19,201743,0.709322,None,[0.0001],None
train,19,201999,0.622426,None,[0.0001],None
train,19,202255,0.632769,None,[0.0001],None
train,19,202255,0.632769,0.538633564974,[0.0001],None
val,19,None,0.793033959331,0.53839485672,None,0.19796056578803212
train,20,202660,0.527154,None,[0.0001],None
train,20,202916,0.628735,None,[0.0001],None
train,20,203172,0.572991,None,[0.0001],None
train,20,203428,0.589447,None,[0.0001],None
train,20,203684,0.651633,None,[0.0001],None
train,20,203940,0.640004,None,[0.0001],None
train,20,204196,0.544679,None,[0.0001],None
train,20,204452,0.61011,None,[0.0001],None
train,20,204708,0.635106,None,[0.0001],None
train,20,204964,0.598504,None,[0.0001],None
train,20,205220,0.537498,None,[0.0001],None
train,20,205476,0.638569,None,[0.0001],None
train,20,205732,0.678567,None,[0.0001],None
train,20,205988,0.568193,None,[0.0001],None
train,20,206244,0.497577,None,[0.0001],None
train,20,206500,0.647645,None,[0.0001],None
train,20,206756,0.695185,None,[0.0001],None
train,20,207012,0.663563,None,[0.0001],None
train,20,207268,0.613224,None,[0.0001],None
train,20,207524,0.626804,None,[0.0001],None
train,20,207780,0.691501,None,[0.0001],None
train,20,208036,0.558853,None,[0.0001],None
train,20,208292,0.576355,None,[0.0001],None
train,20,208548,0.639206,None,[0.0001],None
train,20,208804,0.634226,None,[0.0001],None
train,20,209060,0.52689,None,[0.0001],None
train,20,209316,0.585126,None,[0.0001],None
train,20,209572,0.614658,None,[0.0001],None
train,20,209828,0.546085,None,[0.0001],None
train,20,210084,0.61476,None,[0.0001],None
train,20,210340,0.572861,None,[0.0001],None
train,20,210596,0.659145,None,[0.0001],None
train,20,210852,0.550118,None,[0.0001],None
train,20,211108,0.638843,None,[0.0001],None
train,20,211364,0.714178,None,[0.0001],None
train,20,211620,0.566715,None,[0.0001],None
train,20,211876,0.61241,None,[0.0001],None
train,20,212132,0.552697,None,[0.0001],None
train,20,212388,0.557869,None,[0.0001],None
train,20,212388,0.557869,0.54300872985,[0.0001],None
val,20,None,0.609700335513,0.536866447149,None,0.15212720206131178
train,21,212793,0.572086,None,[0.0001],None
train,21,213049,0.651084,None,[0.0001],None
train,21,213305,0.591549,None,[0.0001],None
train,21,213561,0.585585,None,[0.0001],None
train,21,213817,0.547265,None,[0.0001],None
train,21,214073,0.678644,None,[0.0001],None
train,21,214329,0.582059,None,[0.0001],None
train,21,214585,0.45922,None,[0.0001],None
train,21,214841,0.600332,None,[0.0001],None
train,21,215097,0.501163,None,[0.0001],None
train,21,215353,0.532746,None,[0.0001],None
train,21,215609,0.69596,None,[0.0001],None
train,21,215865,0.629105,None,[0.0001],None
train,21,216121,0.613596,None,[0.0001],None
train,21,216377,0.603455,None,[0.0001],None
train,21,216633,0.631854,None,[0.0001],None
train,21,216889,0.606312,None,[0.0001],None
train,21,217145,0.606942,None,[0.0001],None
train,21,217401,0.568234,None,[0.0001],None
train,21,217657,0.573076,None,[0.0001],None
train,21,217913,0.636666,None,[0.0001],None
train,21,218169,0.703333,None,[0.0001],None
train,21,218425,0.662155,None,[0.0001],None
train,21,218681,0.583287,None,[0.0001],None
train,21,218937,0.581351,None,[0.0001],None
train,21,219193,0.717615,None,[0.0001],None
train,21,219449,0.594671,None,[0.0001],None
train,21,219705,0.599228,None,[0.0001],None
train,21,219961,0.517332,None,[0.0001],None
train,21,220217,0.578659,None,[0.0001],None
train,21,220473,0.652508,None,[0.0001],None
train,21,220729,0.614264,None,[0.0001],None
train,21,220985,0.659789,None,[0.0001],None
train,21,221241,0.751191,None,[0.0001],None
train,21,221497,0.579713,None,[0.0001],None
train,21,221753,0.719648,None,[0.0001],None
train,21,222009,0.597759,None,[0.0001],None
train,21,222265,0.610953,None,[0.0001],None
train,21,222521,0.55641,None,[0.0001],None
train,21,222521,0.55641,0.537348178887,[0.0001],None
val,21,None,0.607111784513,0.542806106554,None,0.1514800681987254
train,22,222926,0.635431,None,[0.0001],None
train,22,223182,0.601533,None,[0.0001],None
train,22,223438,0.55971,None,[0.0001],None
train,22,223694,0.615726,None,[0.0001],None
train,22,223950,0.618943,None,[0.0001],None
train,22,224206,0.547349,None,[0.0001],None
train,22,224462,0.606912,None,[0.0001],None
train,22,224718,0.601459,None,[0.0001],None
train,22,224974,0.639701,None,[0.0001],None
train,22,225230,0.634318,None,[0.0001],None
train,22,225486,0.625949,None,[0.0001],None
train,22,225742,0.551001,None,[0.0001],None
train,22,225998,0.645006,None,[0.0001],None
train,22,226254,0.629132,None,[0.0001],None
train,22,226510,0.653691,None,[0.0001],None
train,22,226766,0.582823,None,[0.0001],None
train,22,227022,0.582349,None,[0.0001],None
train,22,227278,0.609792,None,[0.0001],None
train,22,227534,0.631961,None,[0.0001],None
train,22,227790,0.590216,None,[0.0001],None
train,22,228046,0.74439,None,[0.0001],None
train,22,228302,0.590372,None,[0.0001],None
train,22,228558,0.641706,None,[0.0001],None
train,22,228814,0.630203,None,[0.0001],None
train,22,229070,0.567775,None,[0.0001],None
train,22,229326,0.643707,None,[0.0001],None
train,22,229582,0.583188,None,[0.0001],None
train,22,229838,0.610636,None,[0.0001],None
train,22,230094,0.611931,None,[0.0001],None
train,22,230350,0.613913,None,[0.0001],None
train,22,230606,0.665854,None,[0.0001],None
train,22,230862,0.605872,None,[0.0001],None
train,22,231118,0.530174,None,[0.0001],None
train,22,231374,0.691834,None,[0.0001],None
train,22,231630,0.668169,None,[0.0001],None
train,22,231886,0.57044,None,[0.0001],None
train,22,232142,0.519927,None,[0.0001],None
train,22,232398,0.541999,None,[0.0001],None
train,22,232654,0.660488,None,[0.0001],None
train,22,232654,0.660488,0.542109148085,[0.0001],None
val,22,None,0.743969540474,0.541821600508,None,0.18569447978187087
train,23,233059,0.616503,None,[0.0001],None
train,23,233315,0.600475,None,[0.0001],None
train,23,233571,0.596285,None,[0.0001],None
train,23,233827,0.549326,None,[0.0001],None
train,23,234083,0.576021,None,[0.0001],None
train,23,234339,0.557948,None,[0.0001],None
train,23,234595,0.609209,None,[0.0001],None
train,23,234851,0.640984,None,[0.0001],None
train,23,235107,0.587261,None,[0.0001],None
train,23,235363,0.519365,None,[0.0001],None
train,23,235619,0.656021,None,[0.0001],None
train,23,235875,0.639052,None,[0.0001],None
train,23,236131,0.577272,None,[0.0001],None
train,23,236387,0.576448,None,[0.0001],None
train,23,236643,0.483236,None,[0.0001],None
train,23,236899,0.566047,None,[0.0001],None
train,23,237155,0.58292,None,[0.0001],None
train,23,237411,0.606442,None,[0.0001],None
train,23,237667,0.546801,None,[0.0001],None
train,23,237923,0.57456,None,[0.0001],None
train,23,238179,0.576406,None,[0.0001],None
train,23,238435,0.597345,None,[0.0001],None
train,23,238691,0.519846,None,[0.0001],None
train,23,238947,0.689983,None,[0.0001],None
train,23,239203,0.63375,None,[0.0001],None
train,23,239459,0.567698,None,[0.0001],None
train,23,239715,0.526736,None,[0.0001],None
train,23,239971,0.536486,None,[0.0001],None
train,23,240227,0.69741,None,[0.0001],None
train,23,240483,0.677161,None,[0.0001],None
train,23,240739,0.6154,None,[0.0001],None
train,23,240995,0.570489,None,[0.0001],None
train,23,241251,0.619132,None,[0.0001],None
train,23,241507,0.640595,None,[0.0001],None
train,23,241763,0.571915,None,[0.0001],None
train,23,242019,0.602471,None,[0.0001],None
train,23,242275,0.59869,None,[0.0001],None
train,23,242531,0.563287,None,[0.0001],None
train,23,242787,0.643273,None,[0.0001],None
train,23,242787,0.643273,0.559647601558,[0.0001],None
val,23,None,0.652383343485,0.549002403495,None,0.16279793378909163
train,24,243192,0.555618,None,[0.0001],None
train,24,243448,0.524984,None,[0.0001],None
train,24,243704,0.525538,None,[0.0001],None
train,24,243960,0.665503,None,[0.0001],None
train,24,244216,0.474074,None,[0.0001],None
train,24,244472,0.52113,None,[0.0001],None
train,24,244728,0.577596,None,[0.0001],None
train,24,244984,0.617068,None,[0.0001],None
train,24,245240,0.702908,None,[0.0001],None
train,24,245496,0.594516,None,[0.0001],None
train,24,245752,0.548058,None,[0.0001],None
train,24,246008,0.563072,None,[0.0001],None
train,24,246264,0.668965,None,[0.0001],None
train,24,246520,0.609325,None,[0.0001],None
train,24,246776,0.555261,None,[0.0001],None
train,24,247032,0.640901,None,[0.0001],None
train,24,247288,0.573386,None,[0.0001],None
train,24,247544,0.653822,None,[0.0001],None
train,24,247800,0.55016,None,[0.0001],None
train,24,248056,0.628606,None,[0.0001],None
train,24,248312,0.538837,None,[0.0001],None
train,24,248568,0.622382,None,[0.0001],None
train,24,248824,0.631852,None,[0.0001],None
train,24,249080,0.566735,None,[0.0001],None
train,24,249336,0.571856,None,[0.0001],None
train,24,249592,0.510384,None,[0.0001],None
train,24,249848,0.517507,None,[0.0001],None
train,24,250104,0.58551,None,[0.0001],None
train,24,250360,0.661325,None,[0.0001],None
train,24,250616,0.575722,None,[0.0001],None
train,24,250872,0.576526,None,[0.0001],None
train,24,251128,0.541827,None,[0.0001],None
train,24,251384,0.602442,None,[0.0001],None
train,24,251640,0.530357,None,[0.0001],None
train,24,251896,0.590946,None,[0.0001],None
train,24,252152,0.626544,None,[0.0001],None
train,24,252408,0.611814,None,[0.0001],None
train,24,252664,0.484953,None,[0.0001],None
train,24,252920,0.56792,None,[0.0001],None
train,24,252920,0.56792,0.552434666877,[0.0001],None
val,24,None,0.603269172173,0.547515362009,None,0.15051940028290597
train,25,253325,0.573263,None,[0.0001],None
train,25,253581,0.53869,None,[0.0001],None
train,25,253837,0.529026,None,[0.0001],None
train,25,254093,0.581319,None,[0.0001],None
train,25,254349,0.64726,None,[0.0001],None
train,25,254605,0.490279,None,[0.0001],None
train,25,254861,0.593543,None,[0.0001],None
train,25,255117,0.703015,None,[0.0001],None
train,25,255373,0.550483,None,[0.0001],None
train,25,255629,0.58222,None,[0.0001],None
train,25,255885,0.615669,None,[0.0001],None
train,25,256141,0.534382,None,[0.0001],None
train,25,256397,0.599077,None,[0.0001],None
train,25,256653,0.601849,None,[0.0001],None
train,25,256909,0.622493,None,[0.0001],None
train,25,257165,0.646811,None,[0.0001],None
train,25,257421,0.572449,None,[0.0001],None
train,25,257677,0.66058,None,[0.0001],None
train,25,257933,0.491144,None,[0.0001],None
train,25,258189,0.620962,None,[0.0001],None
train,25,258445,0.622346,None,[0.0001],None
train,25,258701,0.634074,None,[0.0001],None
train,25,258957,0.662846,None,[0.0001],None
train,25,259213,0.549327,None,[0.0001],None
train,25,259469,0.605327,None,[0.0001],None
train,25,259725,0.514819,None,[0.0001],None
train,25,259981,0.596727,None,[0.0001],None
train,25,260237,0.649193,None,[0.0001],None
train,25,260493,0.543378,None,[0.0001],None
train,25,260749,0.544553,None,[0.0001],None
train,25,261005,0.652413,None,[0.0001],None
train,25,261261,0.663908,None,[0.0001],None
train,25,261517,0.541795,None,[0.0001],None
train,25,261773,0.544353,None,[0.0001],None
train,25,262029,0.49869,None,[0.0001],None
train,25,262285,0.551391,None,[0.0001],None
train,25,262541,0.652442,None,[0.0001],None
train,25,262797,0.558349,None,[0.0001],None
train,25,263053,0.621253,None,[0.0001],None
train,25,263053,0.621253,0.548491474438,[0.0001],None
val,25,None,0.646245696776,0.556004421949,None,0.16126349162126596
train,26,263458,0.611775,None,[0.0001],None
train,26,263714,0.676483,None,[0.0001],None
train,26,263970,0.564297,None,[0.0001],None
train,26,264226,0.536208,None,[0.0001],None
train,26,264482,0.559365,None,[0.0001],None
train,26,264738,0.622525,None,[0.0001],None
train,26,264994,0.673583,None,[0.0001],None
train,26,265250,0.632372,None,[0.0001],None
train,26,265506,0.504043,None,[0.0001],None
train,26,265762,0.642276,None,[0.0001],None
train,26,266018,0.670989,None,[0.0001],None
train,26,266274,0.568124,None,[0.0001],None
train,26,266530,0.603846,None,[0.0001],None
train,26,266786,0.592881,None,[0.0001],None
train,26,267042,0.698319,None,[0.0001],None
train,26,267298,0.588466,None,[0.0001],None
train,26,267554,0.578251,None,[0.0001],None
train,26,267810,0.575798,None,[0.0001],None
train,26,268066,0.535819,None,[0.0001],None
train,26,268322,0.486258,None,[0.0001],None
train,26,268578,0.590932,None,[0.0001],None
train,26,268834,0.527679,None,[0.0001],None
train,26,269090,0.561258,None,[0.0001],None
train,26,269346,0.568257,None,[0.0001],None
train,26,269602,0.576113,None,[0.0001],None
train,26,269858,0.572107,None,[0.0001],None
train,26,270114,0.637812,None,[0.0001],None
train,26,270370,0.623678,None,[0.0001],None
train,26,270626,0.488019,None,[0.0001],None
train,26,270882,0.584658,None,[0.0001],None
train,26,271138,0.517069,None,[0.0001],None
train,26,271394,0.654879,None,[0.0001],None
train,26,271650,0.599492,None,[0.0001],None
train,26,271906,0.600068,None,[0.0001],None
train,26,272162,0.591478,None,[0.0001],None
train,26,272418,0.605284,None,[0.0001],None
train,26,272674,0.55842,None,[0.0001],None
train,26,272930,0.666501,None,[0.0001],None
train,26,273186,0.614048,None,[0.0001],None
train,26,273186,0.614048,0.555894843817,[0.0001],None
val,26,None,0.601302088264,0.552152489451,None,0.15002763280725764
train,27,273591,0.611247,None,[0.0001],None
train,27,273847,0.533896,None,[0.0001],None
train,27,274103,0.496163,None,[0.0001],None
train,27,274359,0.462445,None,[0.0001],None
train,27,274615,0.620044,None,[0.0001],None
train,27,274871,0.578486,None,[0.0001],None
train,27,275127,0.512384,None,[0.0001],None
train,27,275383,0.510448,None,[0.0001],None
train,27,275639,0.552098,None,[0.0001],None
train,27,275895,0.51256,None,[0.0001],None
train,27,276151,0.63318,None,[0.0001],None
train,27,276407,0.592259,None,[0.0001],None
train,27,276663,0.540635,None,[0.0001],None
train,27,276919,0.596364,None,[0.0001],None
train,27,277175,0.529523,None,[0.0001],None
train,27,277431,0.49242,None,[0.0001],None
train,27,277687,0.594017,None,[0.0001],None
train,27,277943,0.562731,None,[0.0001],None
train,27,278199,0.64085,None,[0.0001],None
train,27,278455,0.523819,None,[0.0001],None
train,27,278711,0.541048,None,[0.0001],None
train,27,278967,0.714312,None,[0.0001],None
train,27,279223,0.574391,None,[0.0001],None
train,27,279479,0.563324,None,[0.0001],None
train,27,279735,0.624005,None,[0.0001],None
train,27,279991,0.688315,None,[0.0001],None
train,27,280247,0.650251,None,[0.0001],None
train,27,280503,0.554432,None,[0.0001],None
train,27,280759,0.552393,None,[0.0001],None
train,27,281015,0.573244,None,[0.0001],None
train,27,281271,0.615533,None,[0.0001],None
train,27,281527,0.560722,None,[0.0001],None
train,27,281783,0.610665,None,[0.0001],None
train,27,282039,0.50019,None,[0.0001],None
train,27,282295,0.528559,None,[0.0001],None
train,27,282551,0.562492,None,[0.0001],None
train,27,282807,0.58092,None,[0.0001],None
train,27,283063,0.586729,None,[0.0001],None
train,27,283319,0.539153,None,[0.0001],None
train,27,283319,0.539153,0.562726502234,[0.0001],None
val,27,None,0.65145818351,0.553564659641,None,0.16256661170679249
train,28,283724,0.597896,None,[0.0001],None
train,28,283980,0.472299,None,[0.0001],None
train,28,284236,0.579488,None,[0.0001],None
train,28,284492,0.608678,None,[0.0001],None
train,28,284748,0.581893,None,[0.0001],None
train,28,285004,0.50221,None,[0.0001],None
train,28,285260,0.584795,None,[0.0001],None
train,28,285516,0.707432,None,[0.0001],None
train,28,285772,0.513346,None,[0.0001],None
train,28,286028,0.590785,None,[0.0001],None
train,28,286284,0.55398,None,[0.0001],None
train,28,286540,0.499546,None,[0.0001],None
train,28,286796,0.53341,None,[0.0001],None
train,28,287052,0.564934,None,[0.0001],None
train,28,287308,0.534384,None,[0.0001],None
train,28,287564,0.616971,None,[0.0001],None
train,28,287820,0.609419,None,[0.0001],None
train,28,288076,0.603192,None,[0.0001],None
train,28,288332,0.598719,None,[0.0001],None
train,28,288588,0.646352,None,[0.0001],None
train,28,288844,0.585762,None,[0.0001],None
train,28,289100,0.675396,None,[0.0001],None
train,28,289356,0.562568,None,[0.0001],None
train,28,289612,0.577147,None,[0.0001],None
train,28,289868,0.511687,None,[0.0001],None
train,28,290124,0.650382,None,[0.0001],None
train,28,290380,0.516424,None,[0.0001],None
train,28,290636,0.542484,None,[0.0001],None
train,28,290892,0.538377,None,[0.0001],None
train,28,291148,0.579925,None,[0.0001],None
train,28,291404,0.595674,None,[0.0001],None
train,28,291660,0.59667,None,[0.0001],None
train,28,291916,0.617178,None,[0.0001],None
train,28,292172,0.569578,None,[0.0001],None
train,28,292428,0.58009,None,[0.0001],None
train,28,292684,0.631313,None,[0.0001],None
train,28,292940,0.548005,None,[0.0001],None
train,28,293196,0.572269,None,[0.0001],None
train,28,293452,0.57507,None,[0.0001],None
train,28,293452,0.57507,0.553820664991,[0.0001],None
val,28,None,0.588638820077,0.556300616372,None,0.14686181728545797
train,29,293857,0.618835,None,[0.0001],None
train,29,294113,0.461628,None,[0.0001],None
train,29,294369,0.533898,None,[0.0001],None
train,29,294625,0.515052,None,[0.0001],None
train,29,294881,0.512554,None,[0.0001],None
train,29,295137,0.521978,None,[0.0001],None
train,29,295393,0.5972,None,[0.0001],None
train,29,295649,0.597832,None,[0.0001],None
train,29,295905,0.557588,None,[0.0001],None
train,29,296161,0.669795,None,[0.0001],None
train,29,296417,0.563506,None,[0.0001],None
train,29,296673,0.573591,None,[0.0001],None
train,29,296929,0.527239,None,[0.0001],None
train,29,297185,0.619078,None,[0.0001],None
train,29,297441,0.602231,None,[0.0001],None
train,29,297697,0.661384,None,[0.0001],None
train,29,297953,0.628421,None,[0.0001],None
train,29,298209,0.532094,None,[0.0001],None
train,29,298465,0.504777,None,[0.0001],None
train,29,298721,0.548383,None,[0.0001],None
train,29,298977,0.490493,None,[0.0001],None
train,29,299233,0.570679,None,[0.0001],None
train,29,299489,0.670139,None,[0.0001],None
train,29,299745,0.518547,None,[0.0001],None
train,29,300001,0.55602,None,[0.0001],None
train,29,300257,0.520787,None,[0.0001],None
train,29,300513,0.460318,None,[0.0001],None
train,29,300769,0.485454,None,[0.0001],None
train,29,301025,0.625638,None,[0.0001],None
train,29,301281,0.567335,None,[0.0001],None
train,29,301537,0.586143,None,[0.0001],None
train,29,301793,0.491279,None,[0.0001],None
train,29,302049,0.652581,None,[0.0001],None
train,29,302305,0.540692,None,[0.0001],None
train,29,302561,0.603764,None,[0.0001],None
train,29,302817,0.651713,None,[0.0001],None
train,29,303073,0.531145,None,[0.0001],None
train,29,303329,0.60879,None,[0.0001],None
train,29,303585,0.494067,None,[0.0001],None
train,29,303585,0.494067,0.564235596997,[0.0001],None
val,29,None,0.6015520848,0.548227546892,None,0.15009013244221553
train,30,303990,0.541828,None,[0.0001],None
train,30,304246,0.575269,None,[0.0001],None
train,30,304502,0.577143,None,[0.0001],None
train,30,304758,0.613351,None,[0.0001],None
train,30,305014,0.55369,None,[0.0001],None
train,30,305270,0.537555,None,[0.0001],None
train,30,305526,0.646127,None,[0.0001],None
train,30,305782,0.539358,None,[0.0001],None
train,30,306038,0.509324,None,[0.0001],None
train,30,306294,0.536894,None,[0.0001],None
train,30,306550,0.53993,None,[0.0001],None
train,30,306806,0.619474,None,[0.0001],None
train,30,307062,0.564701,None,[0.0001],None
train,30,307318,0.490778,None,[0.0001],None
train,30,307574,0.452194,None,[0.0001],None
train,30,307830,0.508275,None,[0.0001],None
train,30,308086,0.482731,None,[0.0001],None
train,30,308342,0.632825,None,[0.0001],None
train,30,308598,0.600612,None,[0.0001],None
train,30,308854,0.544349,None,[0.0001],None
train,30,309110,0.540278,None,[0.0001],None
train,30,309366,0.62751,None,[0.0001],None
train,30,309622,0.664763,None,[0.0001],None
train,30,309878,0.688124,None,[0.0001],None
train,30,310134,0.686878,None,[0.0001],None
train,30,310390,0.584368,None,[0.0001],None
train,30,310646,0.530793,None,[0.0001],None
train,30,310902,0.569756,None,[0.0001],None
train,30,311158,0.549351,None,[0.0001],None
train,30,311414,0.510262,None,[0.0001],None
train,30,311670,0.587222,None,[0.0001],None
train,30,311926,0.539064,None,[0.0001],None
train,30,312182,0.579452,None,[0.0001],None
train,30,312438,0.581223,None,[0.0001],None
train,30,312694,0.558754,None,[0.0001],None
train,30,312950,0.570949,None,[0.0001],None
train,30,313206,0.532947,None,[0.0001],None
train,30,313462,0.499747,None,[0.0001],None
train,30,313718,0.571746,None,[0.0001],None
train,30,313718,0.571746,0.565926107427,[0.0001],None
val,30,None,0.675511559187,0.551019757663,None,0.1685799957574671
train,31,314123,0.577385,None,[0.0001],None
train,31,314379,0.557808,None,[0.0001],None
train,31,314635,0.52302,None,[0.0001],None
train,31,314891,0.569202,None,[0.0001],None
train,31,315147,0.567054,None,[0.0001],None
train,31,315403,0.536364,None,[0.0001],None
train,31,315659,0.52189,None,[0.0001],None
train,31,315915,0.568326,None,[0.0001],None
train,31,316171,0.569719,None,[0.0001],None
train,31,316427,0.50771,None,[0.0001],None
train,31,316683,0.565608,None,[0.0001],None
train,31,316939,0.444666,None,[0.0001],None
train,31,317195,0.633944,None,[0.0001],None
train,31,317451,0.493715,None,[0.0001],None
train,31,317707,0.545489,None,[0.0001],None
train,31,317963,0.608601,None,[0.0001],None
train,31,318219,0.675215,None,[0.0001],None
train,31,318475,0.580082,None,[0.0001],None
train,31,318731,0.571836,None,[0.0001],None
train,31,318987,0.593046,None,[0.0001],None
train,31,319243,0.612939,None,[0.0001],None
train,31,319499,0.571994,None,[0.0001],None
train,31,319755,0.547892,None,[0.0001],None
train,31,320011,0.587253,None,[0.0001],None
train,31,320267,0.661462,None,[0.0001],None
train,31,320523,0.571884,None,[0.0001],None
train,31,320779,0.50179,None,[0.0001],None
train,31,321035,0.498855,None,[0.0001],None
train,31,321291,0.535525,None,[0.0001],None
train,31,321547,0.622275,None,[0.0001],None
train,31,321803,0.527002,None,[0.0001],None
train,31,322059,0.520114,None,[0.0001],None
train,31,322315,0.623586,None,[0.0001],None
train,31,322571,0.611941,None,[0.0001],None
train,31,322827,0.606578,None,[0.0001],None
train,31,323083,0.533814,None,[0.0001],None
train,31,323339,0.518979,None,[0.0001],None
train,31,323595,0.48382,None,[0.0001],None
train,31,323851,0.55919,None,[0.0001],None
train,31,323851,0.55919,0.559258765956,[0.0001],None
val,31,None,0.617996809357,0.556407576069,None,0.15420131501816867
train,32,324256,0.500717,None,[0.0001],None
train,32,324512,0.599915,None,[0.0001],None
train,32,324768,0.530243,None,[0.0001],None
train,32,325024,0.595896,None,[0.0001],None
train,32,325280,0.546361,None,[0.0001],None
train,32,325536,0.510947,None,[0.0001],None
train,32,325792,0.5044,None,[0.0001],None
train,32,326048,0.601816,None,[0.0001],None
train,32,326304,0.559823,None,[0.0001],None
train,32,326560,0.553768,None,[0.0001],None
train,32,326816,0.435761,None,[0.0001],None
train,32,327072,0.526617,None,[0.0001],None
train,32,327328,0.575912,None,[0.0001],None
train,32,327584,0.589294,None,[0.0001],None
train,32,327840,0.556106,None,[0.0001],None
train,32,328096,0.501529,None,[0.0001],None
train,32,328352,0.507925,None,[0.0001],None
train,32,328608,0.547594,None,[0.0001],None
train,32,328864,0.5141,None,[0.0001],None
train,32,329120,0.511297,None,[0.0001],None
train,32,329376,0.712421,None,[0.0001],None
train,32,329632,0.513787,None,[0.0001],None
train,32,329888,0.549788,None,[0.0001],None
train,32,330144,0.518574,None,[0.0001],None
train,32,330400,0.585831,None,[0.0001],None
train,32,330656,0.485134,None,[0.0001],None
train,32,330912,0.516833,None,[0.0001],None
train,32,331168,0.548791,None,[0.0001],None
train,32,331424,0.632934,None,[0.0001],None
train,32,331680,0.45121,None,[0.0001],None
train,32,331936,0.556682,None,[0.0001],None
train,32,332192,0.606273,None,[0.0001],None
train,32,332448,0.560989,None,[0.0001],None
train,32,332704,0.566839,None,[0.0001],None
train,32,332960,0.680873,None,[0.0001],None
train,32,333216,0.561099,None,[0.0001],None
train,32,333472,0.518789,None,[0.0001],None
train,32,333728,0.496393,None,[0.0001],None
train,32,333984,0.588467,None,[0.0001],None
train,32,333984,0.588467,0.575852119646,[0.0001],None
val,32,None,0.58739986131,0.556854514836,None,0.14655206842275842
train,33,334389,0.570195,None,[0.0001],None
train,33,334645,0.524194,None,[0.0001],None
train,33,334901,0.568705,None,[0.0001],None
train,33,335157,0.521537,None,[0.0001],None
train,33,335413,0.449626,None,[0.0001],None
train,33,335669,0.530797,None,[0.0001],None
train,33,335925,0.543426,None,[0.0001],None
train,33,336181,0.510808,None,[0.0001],None
train,33,336437,0.618908,None,[0.0001],None
train,33,336693,0.584045,None,[0.0001],None
train,33,336949,0.467527,None,[0.0001],None
train,33,337205,0.616404,None,[0.0001],None
train,33,337461,0.545913,None,[0.0001],None
train,33,337717,0.533595,None,[0.0001],None
train,33,337973,0.589067,None,[0.0001],None
train,33,338229,0.549117,None,[0.0001],None
train,33,338485,0.512659,None,[0.0001],None
train,33,338741,0.561609,None,[0.0001],None
train,33,338997,0.647911,None,[0.0001],None
train,33,339253,0.650252,None,[0.0001],None
train,33,339509,0.628139,None,[0.0001],None
train,33,339765,0.585894,None,[0.0001],None
train,33,340021,0.543777,None,[0.0001],None
train,33,340277,0.579158,None,[0.0001],None
train,33,340533,0.490031,None,[0.0001],None
train,33,340789,0.519202,None,[0.0001],None
train,33,341045,0.488551,None,[0.0001],None
train,33,341301,0.490456,None,[0.0001],None
train,33,341557,0.586481,None,[0.0001],None
train,33,341813,0.498433,None,[0.0001],None
train,33,342069,0.679787,None,[0.0001],None
train,33,342325,0.568718,None,[0.0001],None
train,33,342581,0.649878,None,[0.0001],None
train,33,342837,0.472091,None,[0.0001],None
train,33,343093,0.611552,None,[0.0001],None
train,33,343349,0.498894,None,[0.0001],None
train,33,343605,0.547556,None,[0.0001],None
train,33,343861,0.561249,None,[0.0001],None
train,33,344117,0.610965,None,[0.0001],None
train,33,344117,0.610965,0.577931687759,[0.0001],None
val,33,None,0.618984160673,0.554910728022,None,0.15444815591076944
train,34,344522,0.600163,None,[0.0001],None
train,34,344778,0.539704,None,[0.0001],None
train,34,345034,0.531933,None,[0.0001],None
train,34,345290,0.495085,None,[0.0001],None
train,34,345546,0.589045,None,[0.0001],None
train,34,345802,0.482969,None,[0.0001],None
train,34,346058,0.566061,None,[0.0001],None
train,34,346314,0.562291,None,[0.0001],None
train,34,346570,0.49721,None,[0.0001],None
train,34,346826,0.453245,None,[0.0001],None
train,34,347082,0.559848,None,[0.0001],None
train,34,347338,0.518252,None,[0.0001],None
train,34,347594,0.500576,None,[0.0001],None
train,34,347850,0.525297,None,[0.0001],None
train,34,348106,0.491653,None,[0.0001],None
train,34,348362,0.673858,None,[0.0001],None
train,34,348618,0.457934,None,[0.0001],None
train,34,348874,0.589318,None,[0.0001],None
train,34,349130,0.529009,None,[0.0001],None
train,34,349386,0.5672,None,[0.0001],None
train,34,349642,0.540565,None,[0.0001],None
train,34,349898,0.509139,None,[0.0001],None
train,34,350154,0.575386,None,[0.0001],None
train,34,350410,0.550471,None,[0.0001],None
train,34,350666,0.703277,None,[0.0001],None
train,34,350922,0.494222,None,[0.0001],None
train,34,351178,0.58291,None,[0.0001],None
train,34,351434,0.604693,None,[0.0001],None
train,34,351690,0.549083,None,[0.0001],None
train,34,351946,0.626999,None,[0.0001],None
train,34,352202,0.552259,None,[0.0001],None
train,34,352458,0.493235,None,[0.0001],None
train,34,352714,0.515462,None,[0.0001],None
train,34,352970,0.534673,None,[0.0001],None
train,34,353226,0.577632,None,[0.0001],None
train,34,353482,0.631867,None,[0.0001],None
train,34,353738,0.444896,None,[0.0001],None
train,34,353994,0.528173,None,[0.0001],None
train,34,354250,0.64333,None,[0.0001],None
train,34,354250,0.64333,0.579909963944,[0.0001],None
val,34,None,0.589721868242,0.561108584986,None,0.14713256647334205
train,35,354655,0.568327,None,[0.0001],None
train,35,354911,0.543479,None,[0.0001],None
train,35,355167,0.516151,None,[0.0001],None
train,35,355423,0.523075,None,[0.0001],None
train,35,355679,0.607338,None,[0.0001],None
train,35,355935,0.483451,None,[0.0001],None
train,35,356191,0.580377,None,[0.0001],None
train,35,356447,0.486748,None,[0.0001],None
train,35,356703,0.549199,None,[0.0001],None
train,35,356959,0.444034,None,[0.0001],None
train,35,357215,0.425711,None,[0.0001],None
train,35,357471,0.605715,None,[0.0001],None
train,35,357727,0.466499,None,[0.0001],None
train,35,357983,0.444525,None,[0.0001],None
train,35,358239,0.408728,None,[0.0001],None
train,35,358495,0.638785,None,[0.0001],None
train,35,358751,0.516966,None,[0.0001],None
train,35,359007,0.506009,None,[0.0001],None
train,35,359263,0.585445,None,[0.0001],None
train,35,359519,0.459361,None,[0.0001],None
train,35,359775,0.504632,None,[0.0001],None
train,35,360031,0.568646,None,[0.0001],None
train,35,360287,0.533033,None,[0.0001],None
train,35,360543,0.533148,None,[0.0001],None
train,35,360799,0.544167,None,[0.0001],None
train,35,361055,0.458968,None,[0.0001],None
train,35,361311,0.531582,None,[0.0001],None
train,35,361567,0.548078,None,[0.0001],None
train,35,361823,0.580733,None,[0.0001],None
train,35,362079,0.46717,None,[0.0001],None
train,35,362335,0.582382,None,[0.0001],None
train,35,362591,0.640016,None,[0.0001],None
train,35,362847,0.514485,None,[0.0001],None
train,35,363103,0.650727,None,[0.0001],None
train,35,363359,0.554853,None,[0.0001],None
train,35,363615,0.583493,None,[0.0001],None
train,35,363871,0.590901,None,[0.0001],None
train,35,364127,0.655701,None,[0.0001],None
train,35,364383,0.464656,None,[0.0001],None
train,35,364383,0.464656,0.596902398917,[0.0001],None
val,35,None,0.60886551767,0.562966716721,None,0.15191846639980253
train,36,364788,0.530851,None,[0.0001],None
train,36,365044,0.537913,None,[0.0001],None
train,36,365300,0.507861,None,[0.0001],None
train,36,365556,0.47613,None,[0.0001],None
train,36,365812,0.752342,None,[0.0001],None
train,36,366068,0.67315,None,[0.0001],None
train,36,366324,0.500357,None,[0.0001],None
train,36,366580,0.645451,None,[0.0001],None
train,36,366836,0.484857,None,[0.0001],None
train,36,367092,0.596811,None,[0.0001],None
train,36,367348,0.490927,None,[0.0001],None
train,36,367604,0.588734,None,[0.0001],None
train,36,367860,0.595689,None,[0.0001],None
train,36,368116,0.55809,None,[0.0001],None
train,36,368372,0.558125,None,[0.0001],None
train,36,368628,0.513089,None,[0.0001],None
train,36,368884,0.481804,None,[0.0001],None
train,36,369140,0.514187,None,[0.0001],None
train,36,369396,0.502852,None,[0.0001],None
train,36,369652,0.529395,None,[0.0001],None
train,36,369908,0.496157,None,[0.0001],None
train,36,370164,0.536355,None,[0.0001],None
train,36,370420,0.570324,None,[0.0001],None
train,36,370676,0.587199,None,[0.0001],None
train,36,370932,0.496225,None,[0.0001],None
train,36,371188,0.485427,None,[0.0001],None
train,36,371444,0.443206,None,[0.0001],None
train,36,371700,0.545919,None,[0.0001],None
train,36,371956,0.546165,None,[0.0001],None
train,36,372212,0.581573,None,[0.0001],None
train,36,372468,0.512622,None,[0.0001],None
train,36,372724,0.632386,None,[0.0001],None
train,36,372980,0.47491,None,[0.0001],None
train,36,373236,0.533083,None,[0.0001],None
train,36,373492,0.533656,None,[0.0001],None
train,36,373748,0.611968,None,[0.0001],None
train,36,374004,0.532785,None,[0.0001],None
train,36,374260,0.519396,None,[0.0001],None
train,36,374516,0.469871,None,[0.0001],None
train,36,374516,0.469871,0.582182782128,[0.0001],None
val,36,None,0.604580579701,0.561412789489,None,0.15084724414126086
train,37,374921,0.543026,None,[0.0001],None
train,37,375177,0.520064,None,[0.0001],None
train,37,375433,0.449189,None,[0.0001],None
train,37,375689,0.362717,None,[0.0001],None
train,37,375945,0.518852,None,[0.0001],None
train,37,376201,0.535422,None,[0.0001],None
train,37,376457,0.606925,None,[0.0001],None
train,37,376713,0.545821,None,[0.0001],None
train,37,376969,0.456357,None,[0.0001],None
train,37,377225,0.598254,None,[0.0001],None
train,37,377481,0.53894,None,[0.0001],None
train,37,377737,0.557649,None,[0.0001],None
train,37,377993,0.490144,None,[0.0001],None
train,37,378249,0.547915,None,[0.0001],None
train,37,378505,0.480279,None,[0.0001],None
train,37,378761,0.588812,None,[0.0001],None
train,37,379017,0.463784,None,[0.0001],None
train,37,379273,0.553202,None,[0.0001],None
train,37,379529,0.508874,None,[0.0001],None
train,37,379785,0.644789,None,[0.0001],None
train,37,380041,0.562909,None,[0.0001],None
train,37,380297,0.556549,None,[0.0001],None
train,37,380553,0.480494,None,[0.0001],None
train,37,380809,0.555938,None,[0.0001],None
train,37,381065,0.54581,None,[0.0001],None
train,37,381321,0.519029,None,[0.0001],None
train,37,381577,0.518037,None,[0.0001],None
train,37,381833,0.492017,None,[0.0001],None
train,37,382089,0.520548,None,[0.0001],None
train,37,382345,0.49931,None,[0.0001],None
train,37,382601,0.600067,None,[0.0001],None
train,37,382857,0.540046,None,[0.0001],None
train,37,383113,0.53603,None,[0.0001],None
train,37,383369,0.539635,None,[0.0001],None
train,37,383625,0.576877,None,[0.0001],None
train,37,383881,0.547473,None,[0.0001],None
train,37,384137,0.528105,None,[0.0001],None
train,37,384393,0.516178,None,[0.0001],None
train,37,384649,0.43226,None,[0.0001],None
train,37,384649,0.43226,0.58423032181,[0.0001],None
val,37,None,0.581389242977,0.566142839364,None,0.1450494197218066
train,38,385054,0.489155,None,[0.0001],None
train,38,385310,0.478679,None,[0.0001],None
train,38,385566,0.491225,None,[0.0001],None
train,38,385822,0.526628,None,[0.0001],None
train,38,386078,0.460251,None,[0.0001],None
train,38,386334,0.492721,None,[0.0001],None
train,38,386590,0.528738,None,[0.0001],None
train,38,386846,0.503886,None,[0.0001],None
train,38,387102,0.584749,None,[0.0001],None
train,38,387358,0.525184,None,[0.0001],None
train,38,387614,0.509614,None,[0.0001],None
train,38,387870,0.629298,None,[0.0001],None
train,38,388126,0.536553,None,[0.0001],None
train,38,388382,0.47952,None,[0.0001],None
train,38,388638,0.578924,None,[0.0001],None
train,38,388894,0.53092,None,[0.0001],None
train,38,389150,0.506704,None,[0.0001],None
train,38,389406,0.535516,None,[0.0001],None
train,38,389662,0.611617,None,[0.0001],None
train,38,389918,0.524853,None,[0.0001],None
train,38,390174,0.479306,None,[0.0001],None
train,38,390430,0.543648,None,[0.0001],None
train,38,390686,0.55784,None,[0.0001],None
train,38,390942,0.702363,None,[0.0001],None
train,38,391198,0.458004,None,[0.0001],None
train,38,391454,0.526779,None,[0.0001],None
train,38,391710,0.512811,None,[0.0001],None
train,38,391966,0.520849,None,[0.0001],None
train,38,392222,0.631937,None,[0.0001],None
train,38,392478,0.560542,None,[0.0001],None
train,38,392734,0.508224,None,[0.0001],None
train,38,392990,0.472941,None,[0.0001],None
train,38,393246,0.51633,None,[0.0001],None
train,38,393502,0.479303,None,[0.0001],None
train,38,393758,0.532074,None,[0.0001],None
train,38,394014,0.553216,None,[0.0001],None
train,38,394270,0.555328,None,[0.0001],None
train,38,394526,0.511661,None,[0.0001],None
train,38,394782,0.537876,None,[0.0001],None
train,38,394782,0.537876,0.584141227548,[0.0001],None
val,38,None,0.780285656892,0.555253748647,None,0.19477352180204566
train,39,395187,0.477647,None,[0.0001],None
train,39,395443,0.515347,None,[0.0001],None
train,39,395699,0.562499,None,[0.0001],None
train,39,395955,0.533489,None,[0.0001],None
train,39,396211,0.424523,None,[0.0001],None
train,39,396467,0.507814,None,[0.0001],None
train,39,396723,0.589655,None,[0.0001],None
train,39,396979,0.525224,None,[0.0001],None
train,39,397235,0.543943,None,[0.0001],None
train,39,397491,0.551248,None,[0.0001],None
train,39,397747,0.520499,None,[0.0001],None
train,39,398003,0.544428,None,[0.0001],None
train,39,398259,0.464188,None,[0.0001],None
train,39,398515,0.50938,None,[0.0001],None
train,39,398771,0.537338,None,[0.0001],None
train,39,399027,0.502619,None,[0.0001],None
train,39,399283,0.480675,None,[0.0001],None
train,39,399539,0.425406,None,[0.0001],None
train,39,399795,0.569883,None,[0.0001],None
train,39,400051,0.571741,None,[0.0001],None
train,39,400307,0.448437,None,[0.0001],None
train,39,400563,0.505326,None,[0.0001],None
train,39,400819,0.497891,None,[0.0001],None
train,39,401075,0.559207,None,[0.0001],None
train,39,401331,0.460275,None,[0.0001],None
train,39,401587,0.483795,None,[0.0001],None
train,39,401843,0.435223,None,[0.0001],None
train,39,402099,0.546889,None,[0.0001],None
train,39,402355,0.482254,None,[0.0001],None
train,39,402611,0.534717,None,[0.0001],None
train,39,402867,0.590046,None,[0.0001],None
train,39,403123,0.574477,None,[0.0001],None
train,39,403379,0.495509,None,[0.0001],None
train,39,403635,0.544276,None,[0.0001],None
train,39,403891,0.513301,None,[0.0001],None
train,39,404147,0.490371,None,[0.0001],None
train,39,404403,0.557801,None,[0.0001],None
train,39,404659,0.509418,None,[0.0001],None
train,39,404915,0.552676,None,[0.0001],None
train,39,404915,0.552676,0.601799464913,[0.0001],None
val,39,None,0.590220866169,0.564367432024,None,0.1472573063429733
train,40,405320,0.526136,None,[0.0001],None
train,40,405576,0.528181,None,[0.0001],None
train,40,405832,0.432289,None,[0.0001],None
train,40,406088,0.484334,None,[0.0001],None
train,40,406344,0.544298,None,[0.0001],None
train,40,406600,0.618012,None,[0.0001],None
train,40,406856,0.549512,None,[0.0001],None
train,40,407112,0.481427,None,[0.0001],None
train,40,407368,0.468599,None,[0.0001],None
train,40,407624,0.573909,None,[0.0001],None
train,40,407880,0.557959,None,[0.0001],None
train,40,408136,0.489914,None,[0.0001],None
train,40,408392,0.572413,None,[0.0001],None
train,40,408648,0.50397,None,[0.0001],None
train,40,408904,0.561667,None,[0.0001],None
train,40,409160,0.494011,None,[0.0001],None
train,40,409416,0.494195,None,[0.0001],None
train,40,409672,0.530298,None,[0.0001],None
train,40,409928,0.490743,None,[0.0001],None
train,40,410184,0.579368,None,[0.0001],None
train,40,410440,0.522583,None,[0.0001],None
train,40,410696,0.471955,None,[0.0001],None
train,40,410952,0.566566,None,[0.0001],None
train,40,411208,0.45144,None,[0.0001],None
train,40,411464,0.491429,None,[0.0001],None
train,40,411720,0.465691,None,[0.0001],None
train,40,411976,0.4517,None,[0.0001],None
train,40,412232,0.433162,None,[0.0001],None
train,40,412488,0.498882,None,[0.0001],None
train,40,412744,0.49228,None,[0.0001],None
train,40,413000,0.564045,None,[0.0001],None
train,40,413256,0.547911,None,[0.0001],None
train,40,413512,0.494059,None,[0.0001],None
train,40,413768,0.482722,None,[0.0001],None
train,40,414024,0.52191,None,[0.0001],None
train,40,414280,0.589594,None,[0.0001],None
train,40,414536,0.583799,None,[0.0001],None
train,40,414792,0.497358,None,[0.0001],None
train,40,415048,0.541276,None,[0.0001],None
train,40,415048,0.541276,0.597913240913,[0.0001],None
val,40,None,0.612503416241,0.562236981087,None,0.15282795688973794
train,41,415453,0.542399,None,[0.0001],None
train,41,415709,0.609373,None,[0.0001],None
train,41,415965,0.507185,None,[0.0001],None
train,41,416221,0.543597,None,[0.0001],None
train,41,416477,0.553306,None,[0.0001],None
train,41,416733,0.526808,None,[0.0001],None
train,41,416989,0.519869,None,[0.0001],None
train,41,417245,0.576086,None,[0.0001],None
train,41,417501,0.591204,None,[0.0001],None
train,41,417757,0.565385,None,[0.0001],None
train,41,418013,0.496109,None,[0.0001],None
train,41,418269,0.623457,None,[0.0001],None
train,41,418525,0.572748,None,[0.0001],None
train,41,418781,0.583839,None,[0.0001],None
train,41,419037,0.575631,None,[0.0001],None
train,41,419293,0.572036,None,[0.0001],None
train,41,419549,0.571845,None,[0.0001],None
train,41,419805,0.526182,None,[0.0001],None
train,41,420061,0.520756,None,[0.0001],None
train,41,420317,0.516902,None,[0.0001],None
train,41,420573,0.445924,None,[0.0001],None
train,41,420829,0.473503,None,[0.0001],None
train,41,421085,0.55809,None,[0.0001],None
train,41,421341,0.485903,None,[0.0001],None
train,41,421597,0.466253,None,[0.0001],None
train,41,421853,0.433028,None,[0.0001],None
train,41,422109,0.487424,None,[0.0001],None
train,41,422365,0.440032,None,[0.0001],None
train,41,422621,0.44349,None,[0.0001],None
train,41,422877,0.502935,None,[0.0001],None
train,41,423133,0.53928,None,[0.0001],None
train,41,423389,0.489964,None,[0.0001],None
train,41,423645,0.584057,None,[0.0001],None
train,41,423901,0.491515,None,[0.0001],None
train,41,424157,0.562069,None,[0.0001],None
train,41,424413,0.450758,None,[0.0001],None
train,41,424669,0.599464,None,[0.0001],None
train,41,424925,0.437742,None,[0.0001],None
train,41,425181,0.51658,None,[0.0001],None
train,41,425181,0.51658,0.590246275646,[0.0001],None
val,41,None,0.579371569614,0.567000558704,None,0.14454499536550164
train,42,425586,0.509854,None,[0.0001],None
train,42,425842,0.475591,None,[0.0001],None
train,42,426098,0.472026,None,[0.0001],None
train,42,426354,0.510604,None,[0.0001],None
train,42,426610,0.540907,None,[0.0001],None
train,42,426866,0.515487,None,[0.0001],None
train,42,427122,0.472262,None,[0.0001],None
train,42,427378,0.611644,None,[0.0001],None
train,42,427634,0.433387,None,[0.0001],None
train,42,427890,0.469464,None,[0.0001],None
train,42,428146,0.523016,None,[0.0001],None
train,42,428402,0.466176,None,[0.0001],None
train,42,428658,0.49794,None,[0.0001],None
train,42,428914,0.533328,None,[0.0001],None
train,42,429170,0.453074,None,[0.0001],None
train,42,429426,0.442818,None,[0.0001],None
train,42,429682,0.557335,None,[0.0001],None
train,42,429938,0.520577,None,[0.0001],None
train,42,430194,0.445415,None,[0.0001],None
train,42,430450,0.548511,None,[0.0001],None
train,42,430706,0.560337,None,[0.0001],None
train,42,430962,0.42597,None,[0.0001],None
train,42,431218,0.403819,None,[0.0001],None
train,42,431474,0.439238,None,[0.0001],None
train,42,431730,0.487737,None,[0.0001],None
train,42,431986,0.507108,None,[0.0001],None
train,42,432242,0.678667,None,[0.0001],None
train,42,432498,0.520537,None,[0.0001],None
train,42,432754,0.513782,None,[0.0001],None
train,42,433010,0.514753,None,[0.0001],None
train,42,433266,0.560311,None,[0.0001],None
train,42,433522,0.510792,None,[0.0001],None
train,42,433778,0.537978,None,[0.0001],None
train,42,434034,0.465009,None,[0.0001],None
train,42,434290,0.465197,None,[0.0001],None
train,42,434546,0.495535,None,[0.0001],None
train,42,434802,0.518721,None,[0.0001],None
train,42,435058,0.492124,None,[0.0001],None
train,42,435314,0.486915,None,[0.0001],None
train,42,435314,0.486915,0.611410896685,[0.0001],None
val,42,None,0.657013955474,0.562338790745,None,0.1639555992542637
train,43,435719,0.449241,None,[0.0001],None
train,43,435975,0.455327,None,[0.0001],None
train,43,436231,0.45193,None,[0.0001],None
train,43,436487,0.424973,None,[0.0001],None
train,43,436743,0.519052,None,[0.0001],None
train,43,436999,0.568841,None,[0.0001],None
train,43,437255,0.51102,None,[0.0001],None
train,43,437511,0.595424,None,[0.0001],None
train,43,437767,0.525247,None,[0.0001],None
train,43,438023,0.498765,None,[0.0001],None
train,43,438279,0.528263,None,[0.0001],None
train,43,438535,0.49563,None,[0.0001],None
train,43,438791,0.565912,None,[0.0001],None
train,43,439047,0.492844,None,[0.0001],None
train,43,439303,0.50135,None,[0.0001],None
train,43,439559,0.50892,None,[0.0001],None
train,43,439815,0.603347,None,[0.0001],None
train,43,440071,0.523185,None,[0.0001],None
train,43,440327,0.543181,None,[0.0001],None
train,43,440583,0.511191,None,[0.0001],None
train,43,440839,0.520628,None,[0.0001],None
train,43,441095,0.606987,None,[0.0001],None
train,43,441351,0.450425,None,[0.0001],None
train,43,441607,0.560829,None,[0.0001],None
train,43,441863,0.522543,None,[0.0001],None
train,43,442119,0.40657,None,[0.0001],None
train,43,442375,0.505187,None,[0.0001],None
train,43,442631,0.585507,None,[0.0001],None
train,43,442887,0.455946,None,[0.0001],None
train,43,443143,0.540626,None,[0.0001],None
train,43,443399,0.562842,None,[0.0001],None
train,43,443655,0.489807,None,[0.0001],None
train,43,443911,0.509887,None,[0.0001],None
train,43,444167,0.511712,None,[0.0001],None
train,43,444423,0.557614,None,[0.0001],None
train,43,444679,0.616559,None,[0.0001],None
train,43,444935,0.54847,None,[0.0001],None
train,43,445191,0.459224,None,[0.0001],None
train,43,445447,0.448915,None,[0.0001],None
train,43,445447,0.448915,0.5800312611,[0.0001],None
val,43,None,0.651913350603,0.561223499819,None,0.1626804325899146
train,44,445852,0.402934,None,[0.0001],None
train,44,446108,0.500299,None,[0.0001],None
train,44,446364,0.572362,None,[0.0001],None
train,44,446620,0.520246,None,[0.0001],None
train,44,446876,0.592497,None,[0.0001],None
train,44,447132,0.657048,None,[0.0001],None
train,44,447388,0.509632,None,[0.0001],None
train,44,447644,0.463851,None,[0.0001],None
train,44,447900,0.513098,None,[0.0001],None
train,44,448156,0.538036,None,[0.0001],None
train,44,448412,0.587207,None,[0.0001],None
train,44,448668,0.54391,None,[0.0001],None
train,44,448924,0.541874,None,[0.0001],None
train,44,449180,0.533021,None,[0.0001],None
train,44,449436,0.415387,None,[0.0001],None
train,44,449692,0.538729,None,[0.0001],None
train,44,449948,0.491705,None,[0.0001],None
train,44,450204,0.583901,None,[0.0001],None
train,44,450460,0.567159,None,[0.0001],None
train,44,450716,0.580652,None,[0.0001],None
train,44,450972,0.449967,None,[0.0001],None
train,44,451228,0.402911,None,[0.0001],None
train,44,451484,0.444357,None,[0.0001],None
train,44,451740,0.498958,None,[0.0001],None
train,44,451996,0.519748,None,[0.0001],None
train,44,452252,0.512671,None,[0.0001],None
train,44,452508,0.486604,None,[0.0001],None
train,44,452764,0.405891,None,[0.0001],None
train,44,453020,0.52632,None,[0.0001],None
train,44,453276,0.49402,None,[0.0001],None
train,44,453532,0.466658,None,[0.0001],None
train,44,453788,0.446242,None,[0.0001],None
train,44,454044,0.465068,None,[0.0001],None
train,44,454300,0.526576,None,[0.0001],None
train,44,454556,0.467837,None,[0.0001],None
train,44,454812,0.460564,None,[0.0001],None
train,44,455068,0.506306,None,[0.0001],None
train,44,455324,0.521969,None,[0.0001],None
train,44,455580,0.456523,None,[0.0001],None
train,44,455580,0.456523,0.602082251211,[0.0001],None
val,44,None,0.578077625781,0.56816719107,None,0.14422149558952316
train,45,455985,0.483392,None,[0.0001],None
train,45,456241,0.510385,None,[0.0001],None
train,45,456497,0.410214,None,[0.0001],None
train,45,456753,0.430778,None,[0.0001],None
train,45,457009,0.464005,None,[0.0001],None
train,45,457265,0.454965,None,[0.0001],None
train,45,457521,0.483815,None,[0.0001],None
train,45,457777,0.618618,None,[0.0001],None
train,45,458033,0.395445,None,[0.0001],None
train,45,458289,0.490548,None,[0.0001],None
train,45,458545,0.512826,None,[0.0001],None
train,45,458801,0.609674,None,[0.0001],None
train,45,459057,0.487503,None,[0.0001],None
train,45,459313,0.524846,None,[0.0001],None
train,45,459569,0.486189,None,[0.0001],None
train,45,459825,0.547211,None,[0.0001],None
train,45,460081,0.549203,None,[0.0001],None
train,45,460337,0.5405,None,[0.0001],None
train,45,460593,0.4761,None,[0.0001],None
train,45,460849,0.511634,None,[0.0001],None
train,45,461105,0.460481,None,[0.0001],None
train,45,461361,0.531092,None,[0.0001],None
train,45,461617,0.492187,None,[0.0001],None
train,45,461873,0.483956,None,[0.0001],None
train,45,462129,0.553246,None,[0.0001],None
train,45,462385,0.539827,None,[0.0001],None
train,45,462641,0.554261,None,[0.0001],None
train,45,462897,0.516769,None,[0.0001],None
train,45,463153,0.513407,None,[0.0001],None
train,45,463409,0.483216,None,[0.0001],None
train,45,463665,0.532386,None,[0.0001],None
train,45,463921,0.43998,None,[0.0001],None
train,45,464177,0.449427,None,[0.0001],None
train,45,464433,0.454814,None,[0.0001],None
train,45,464689,0.484709,None,[0.0001],None
train,45,464945,0.417886,None,[0.0001],None
train,45,465201,0.651794,None,[0.0001],None
train,45,465457,0.513671,None,[0.0001],None
train,45,465713,0.474314,None,[0.0001],None
train,45,465713,0.474314,0.594019613458,[0.0001],None
val,45,None,0.75485426529,0.554579537081,None,0.18841564002187572
train,46,466118,0.467041,None,[0.0001],None
train,46,466374,0.448902,None,[0.0001],None
train,46,466630,0.50323,None,[0.0001],None
train,46,466886,0.478958,None,[0.0001],None
train,46,467142,0.476279,None,[0.0001],None
train,46,467398,0.47286,None,[0.0001],None
train,46,467654,0.473279,None,[0.0001],None
train,46,467910,0.46003,None,[0.0001],None
train,46,468166,0.475949,None,[0.0001],None
train,46,468422,0.486822,None,[0.0001],None
train,46,468678,0.552016,None,[0.0001],None
train,46,468934,0.463928,None,[0.0001],None
train,46,469190,0.508482,None,[0.0001],None
train,46,469446,0.529402,None,[0.0001],None
train,46,469702,0.488766,None,[0.0001],None
train,46,469958,0.556374,None,[0.0001],None
train,46,470214,0.569368,None,[0.0001],None
train,46,470470,0.575382,None,[0.0001],None
train,46,470726,0.445981,None,[0.0001],None
train,46,470982,0.547628,None,[0.0001],None
train,46,471238,0.454999,None,[0.0001],None
train,46,471494,0.494671,None,[0.0001],None
train,46,471750,0.466517,None,[0.0001],None
train,46,472006,0.384072,None,[0.0001],None
train,46,472262,0.491896,None,[0.0001],None
train,46,472518,0.401078,None,[0.0001],None
train,46,472774,0.488916,None,[0.0001],None
train,46,473030,0.586867,None,[0.0001],None
train,46,473286,0.51085,None,[0.0001],None
train,46,473542,0.541634,None,[0.0001],None
train,46,473798,0.505638,None,[0.0001],None
train,46,474054,0.530113,None,[0.0001],None
train,46,474310,0.532766,None,[0.0001],None
train,46,474566,0.419429,None,[0.0001],None
train,46,474822,0.480689,None,[0.0001],None
train,46,475078,0.520027,None,[0.0001],None
train,46,475334,0.5645,None,[0.0001],None
train,46,475590,0.500322,None,[0.0001],None
train,46,475846,0.45358,None,[0.0001],None
train,46,475846,0.45358,0.613297901864,[0.0001],None
val,46,None,0.55504772688,0.574295145263,None,0.1384640224191479
train,47,476251,0.532434,None,[0.0001],None
train,47,476507,0.506858,None,[0.0001],None
train,47,476763,0.461037,None,[0.0001],None
train,47,477019,0.485042,None,[0.0001],None
train,47,477275,0.460502,None,[0.0001],None
train,47,477531,0.51293,None,[0.0001],None
train,47,477787,0.36408,None,[0.0001],None
train,47,478043,0.489046,None,[0.0001],None
train,47,478299,0.456069,None,[0.0001],None
train,47,478555,0.503595,None,[0.0001],None
train,47,478811,0.46786,None,[0.0001],None
train,47,479067,0.546508,None,[0.0001],None
train,47,479323,0.459045,None,[0.0001],None
train,47,479579,0.471231,None,[0.0001],None
train,47,479835,0.470143,None,[0.0001],None
train,47,480091,0.44101,None,[0.0001],None
train,47,480347,0.472111,None,[0.0001],None
train,47,480603,0.469844,None,[0.0001],None
train,47,480859,0.461606,None,[0.0001],None
train,47,481115,0.440381,None,[0.0001],None
train,47,481371,0.554412,None,[0.0001],None
train,47,481627,0.461896,None,[0.0001],None
train,47,481883,0.53614,None,[0.0001],None
train,47,482139,0.549715,None,[0.0001],None
train,47,482395,0.55989,None,[0.0001],None
train,47,482651,0.560096,None,[0.0001],None
train,47,482907,0.444314,None,[0.0001],None
train,47,483163,0.585794,None,[0.0001],None
train,47,483419,0.515276,None,[0.0001],None
train,47,483675,0.404747,None,[0.0001],None
train,47,483931,0.377609,None,[0.0001],None
train,47,484187,0.506169,None,[0.0001],None
train,47,484443,0.419107,None,[0.0001],None
train,47,484699,0.421733,None,[0.0001],None
train,47,484955,0.555601,None,[0.0001],None
train,47,485211,0.484188,None,[0.0001],None
train,47,485467,0.574781,None,[0.0001],None
train,47,485723,0.469133,None,[0.0001],None
train,47,485979,0.427141,None,[0.0001],None
train,47,485979,0.427141,0.619475802797,[0.0001],None
val,47,None,0.70426047724,0.560504993408,None,0.17576720356742218
train,48,486384,0.474183,None,[0.0001],None
train,48,486640,0.465127,None,[0.0001],None
train,48,486896,0.465366,None,[0.0001],None
train,48,487152,0.457481,None,[0.0001],None
train,48,487408,0.558545,None,[0.0001],None
train,48,487664,0.427999,None,[0.0001],None
train,48,487920,0.435839,None,[0.0001],None
train,48,488176,0.528652,None,[0.0001],None
train,48,488432,0.602254,None,[0.0001],None
train,48,488688,0.428673,None,[0.0001],None
train,48,488944,0.474913,None,[0.0001],None
train,48,489200,0.581156,None,[0.0001],None
train,48,489456,0.549082,None,[0.0001],None
train,48,489712,0.416195,None,[0.0001],None
train,48,489968,0.424512,None,[0.0001],None
train,48,490224,0.518106,None,[0.0001],None
train,48,490480,0.475849,None,[0.0001],None
train,48,490736,0.5755,None,[0.0001],None
train,48,490992,0.494118,None,[0.0001],None
train,48,491248,0.386851,None,[0.0001],None
train,48,491504,0.546446,None,[0.0001],None
train,48,491760,0.461695,None,[0.0001],None
train,48,492016,0.581473,None,[0.0001],None
train,48,492272,0.436784,None,[0.0001],None
train,48,492528,0.577367,None,[0.0001],None
train,48,492784,0.514391,None,[0.0001],None
train,48,493040,0.596582,None,[0.0001],None
train,48,493296,0.503455,None,[0.0001],None
train,48,493552,0.50826,None,[0.0001],None
train,48,493808,0.452372,None,[0.0001],None
train,48,494064,0.517654,None,[0.0001],None
train,48,494320,0.59483,None,[0.0001],None
train,48,494576,0.583744,None,[0.0001],None
train,48,494832,0.536175,None,[0.0001],None
train,48,495088,0.539936,None,[0.0001],None
train,48,495344,0.49842,None,[0.0001],None
train,48,495600,0.423315,None,[0.0001],None
train,48,495856,0.527518,None,[0.0001],None
train,48,496112,0.55244,None,[0.0001],None
train,48,496112,0.55244,0.608637209051,[0.0001],None
val,48,None,0.565281935347,0.569454931266,None,0.14102256919304973
train,49,496517,0.450636,None,[0.0001],None
train,49,496773,0.528927,None,[0.0001],None
train,49,497029,0.430633,None,[0.0001],None
train,49,497285,0.533536,None,[0.0001],None
train,49,497541,0.432923,None,[0.0001],None
train,49,497797,0.525938,None,[0.0001],None
train,49,498053,0.430828,None,[0.0001],None
train,49,498309,0.565302,None,[0.0001],None
train,49,498565,0.485892,None,[0.0001],None
train,49,498821,0.4735,None,[0.0001],None
train,49,499077,0.493618,None,[0.0001],None
train,49,499333,0.511482,None,[0.0001],None
train,49,499589,0.49759,None,[0.0001],None
train,49,499845,0.405517,None,[0.0001],None
train,49,500101,0.452475,None,[0.0001],None
train,49,500357,0.436116,None,[0.0001],None
train,49,500613,0.439915,None,[0.0001],None
train,49,500869,0.443611,None,[0.0001],None
train,49,501125,0.48278,None,[0.0001],None
train,49,501381,0.520713,None,[0.0001],None
train,49,501637,0.374731,None,[0.0001],None
train,49,501893,0.544952,None,[0.0001],None
train,49,502149,0.425251,None,[0.0001],None
train,49,502405,0.54192,None,[0.0001],None
train,49,502661,0.376913,None,[0.0001],None
train,49,502917,0.445944,None,[0.0001],None
train,49,503173,0.375624,None,[0.0001],None
train,49,503429,0.473974,None,[0.0001],None
train,49,503685,0.448963,None,[0.0001],None
train,49,503941,0.398297,None,[0.0001],None
train,49,504197,0.434371,None,[0.0001],None
train,49,504453,0.544085,None,[0.0001],None
train,49,504709,0.442315,None,[0.0001],None
train,49,504965,0.465234,None,[0.0001],None
train,49,505221,0.56719,None,[0.0001],None
train,49,505477,0.554679,None,[0.0001],None
train,49,505733,0.522634,None,[0.0001],None
train,49,505989,0.562182,None,[0.0001],None
train,49,506245,0.508747,None,[0.0001],None
train,49,506245,0.508747,0.622992302278,[0.0001],None
val,49,None,0.577347505294,0.568657880146,None,0.14403895209822892
train,50,506650,0.451327,None,[0.0001],None
train,50,506906,0.544528,None,[0.0001],None
train,50,507162,0.489908,None,[0.0001],None
train,50,507418,0.37788,None,[0.0001],None
train,50,507674,0.530575,None,[0.0001],None
train,50,507930,0.577159,None,[0.0001],None
train,50,508186,0.566559,None,[0.0001],None
train,50,508442,0.530343,None,[0.0001],None
train,50,508698,0.548583,None,[0.0001],None
train,50,508954,0.538064,None,[0.0001],None
train,50,509210,0.470511,None,[0.0001],None
train,50,509466,0.531287,None,[0.0001],None
train,50,509722,0.504826,None,[0.0001],None
train,50,509978,0.444332,None,[0.0001],None
train,50,510234,0.583653,None,[0.0001],None
train,50,510490,0.514018,None,[0.0001],None
train,50,510746,0.489657,None,[0.0001],None
train,50,511002,0.402055,None,[0.0001],None
train,50,511258,0.425094,None,[0.0001],None
train,50,511514,0.533911,None,[0.0001],None
train,50,511770,0.421615,None,[0.0001],None
train,50,512026,0.426165,None,[0.0001],None
train,50,512282,0.465599,None,[0.0001],None
train,50,512538,0.479892,None,[0.0001],None
train,50,512794,0.49128,None,[0.0001],None
train,50,513050,0.564774,None,[0.0001],None
train,50,513306,0.43711,None,[0.0001],None
train,50,513562,0.405084,None,[0.0001],None
train,50,513818,0.520449,None,[0.0001],None
train,50,514074,0.454266,None,[0.0001],None
train,50,514330,0.530118,None,[0.0001],None
train,50,514586,0.515593,None,[0.0001],None
train,50,514842,0.513133,None,[0.0001],None
train,50,515098,0.485124,None,[0.0001],None
train,50,515354,0.442607,None,[0.0001],None
train,50,515610,0.586914,None,[0.0001],None
train,50,515866,0.510053,None,[0.0001],None
train,50,516122,0.44328,None,[0.0001],None
train,50,516378,0.551444,None,[0.0001],None
train,50,516378,0.551444,0.607065663826,[0.0001],None
val,50,None,0.572679569647,0.571009193069,None,0.1428719698078374
train,51,516783,0.500289,None,[0.0001],None
train,51,517039,0.42715,None,[0.0001],None
train,51,517295,0.525633,None,[0.0001],None
train,51,517551,0.350767,None,[0.0001],None
train,51,517807,0.486193,None,[0.0001],None
train,51,518063,0.554799,None,[0.0001],None
train,51,518319,0.505044,None,[0.0001],None
train,51,518575,0.490934,None,[0.0001],None
train,51,518831,0.41844,None,[0.0001],None
train,51,519087,0.510656,None,[0.0001],None
train,51,519343,0.380276,None,[0.0001],None
train,51,519599,0.49458,None,[0.0001],None
train,51,519855,0.495104,None,[0.0001],None
train,51,520111,0.541393,None,[0.0001],None
train,51,520367,0.517608,None,[0.0001],None
train,51,520623,0.343887,None,[0.0001],None
train,51,520879,0.601205,None,[0.0001],None
train,51,521135,0.441444,None,[0.0001],None
train,51,521391,0.418412,None,[0.0001],None
train,51,521647,0.461851,None,[0.0001],None
train,51,521903,0.498146,None,[0.0001],None
train,51,522159,0.499195,None,[0.0001],None
train,51,522415,0.500137,None,[0.0001],None
train,51,522671,0.596418,None,[0.0001],None
train,51,522927,0.514134,None,[0.0001],None
train,51,523183,0.504698,None,[0.0001],None
train,51,523439,0.515588,None,[0.0001],None
train,51,523695,0.467858,None,[0.0001],None
train,51,523951,0.541301,None,[0.0001],None
train,51,524207,0.474531,None,[0.0001],None
train,51,524463,0.445889,None,[0.0001],None
train,51,524719,0.501658,None,[0.0001],None
train,51,524975,0.501996,None,[0.0001],None
train,51,525231,0.553998,None,[0.0001],None
train,51,525487,0.422786,None,[0.0001],None
train,51,525743,0.533269,None,[0.0001],None
train,51,525999,0.476779,None,[0.0001],None
train,51,526255,0.410624,None,[0.0001],None
train,51,526511,0.673161,None,[0.0001],None
train,51,526511,0.673161,0.620069618416,[0.0001],None
val,51,None,0.571427183459,0.576855340373,None,0.14255888113234544
train,52,526916,0.523784,None,[0.0001],None
train,52,527172,0.397098,None,[0.0001],None
train,52,527428,0.49842,None,[0.0001],None
train,52,527684,0.458035,None,[0.0001],None
train,52,527940,0.483432,None,[0.0001],None
train,52,528196,0.434377,None,[0.0001],None
train,52,528452,0.548367,None,[0.0001],None
train,52,528708,0.465823,None,[0.0001],None
train,52,528964,0.450752,None,[0.0001],None
train,52,529220,0.466327,None,[0.0001],None
train,52,529476,0.426464,None,[0.0001],None
train,52,529732,0.437323,None,[0.0001],None
train,52,529988,0.524422,None,[0.0001],None
train,52,530244,0.452306,None,[0.0001],None
train,52,530500,0.509264,None,[0.0001],None
train,52,530756,0.440323,None,[0.0001],None
train,52,531012,0.449709,None,[0.0001],None
train,52,531268,0.46323,None,[0.0001],None
train,52,531524,0.522028,None,[0.0001],None
train,52,531780,0.399534,None,[0.0001],None
train,52,532036,0.549746,None,[0.0001],None
train,52,532292,0.388045,None,[0.0001],None
train,52,532548,0.543802,None,[0.0001],None
train,52,532804,0.520482,None,[0.0001],None
train,52,533060,0.462833,None,[0.0001],None
train,52,533316,0.550726,None,[0.0001],None
train,52,533572,0.608945,None,[0.0001],None
train,52,533828,0.403296,None,[0.0001],None
train,52,534084,0.455058,None,[0.0001],None
train,52,534340,0.493344,None,[0.0001],None
train,52,534596,0.443853,None,[0.0001],None
train,52,534852,0.37847,None,[0.0001],None
train,52,535108,0.475943,None,[0.0001],None
train,52,535364,0.41014,None,[0.0001],None
train,52,535620,0.511318,None,[0.0001],None
train,52,535876,0.381929,None,[0.0001],None
train,52,536132,0.50427,None,[0.0001],None
train,52,536388,0.4466,None,[0.0001],None
train,52,536644,0.472453,None,[0.0001],None
train,52,536644,0.472453,0.619474841382,[0.0001],None
val,52,None,0.596766791889,0.573332568824,None,0.14889378386719004
train,53,537049,0.44494,None,[0.0001],None
train,53,537305,0.445102,None,[0.0001],None
train,53,537561,0.556575,None,[0.0001],None
train,53,537817,0.446038,None,[0.0001],None
train,53,538073,0.462559,None,[0.0001],None
train,53,538329,0.549445,None,[0.0001],None
train,53,538585,0.503472,None,[0.0001],None
train,53,538841,0.448402,None,[0.0001],None
train,53,539097,0.474596,None,[0.0001],None
train,53,539353,0.546419,None,[0.0001],None
train,53,539609,0.457287,None,[0.0001],None
train,53,539865,0.460465,None,[0.0001],None
train,53,540121,0.525914,None,[0.0001],None
train,53,540377,0.434364,None,[0.0001],None
train,53,540633,0.521308,None,[0.0001],None
train,53,540889,0.393061,None,[0.0001],None
train,53,541145,0.513425,None,[0.0001],None
train,53,541401,0.560962,None,[0.0001],None
train,53,541657,0.454072,None,[0.0001],None
train,53,541913,0.379186,None,[0.0001],None
train,53,542169,0.544981,None,[0.0001],None
train,53,542425,0.509837,None,[0.0001],None
train,53,542681,0.438433,None,[0.0001],None
train,53,542937,0.479747,None,[0.0001],None
train,53,543193,0.446279,None,[0.0001],None
train,53,543449,0.518891,None,[0.0001],None
train,53,543705,0.405351,None,[0.0001],None
train,53,543961,0.495183,None,[0.0001],None
train,53,544217,0.466662,None,[0.0001],None
train,53,544473,0.43286,None,[0.0001],None
train,53,544729,0.568205,None,[0.0001],None
train,53,544985,0.380794,None,[0.0001],None
train,53,545241,0.530913,None,[0.0001],None
train,53,545497,0.505953,None,[0.0001],None
train,53,545753,0.40896,None,[0.0001],None
train,53,546009,0.462143,None,[0.0001],None
train,53,546265,0.463354,None,[0.0001],None
train,53,546521,0.547563,None,[0.0001],None
train,53,546777,0.437819,None,[0.0001],None
train,53,546777,0.437819,0.615515385318,[0.0001],None
val,53,None,0.579461181278,0.572760817416,None,0.14456737763050465
train,54,547182,0.427243,None,[0.0001],None
train,54,547438,0.508818,None,[0.0001],None
train,54,547694,0.452798,None,[0.0001],None
train,54,547950,0.342918,None,[0.0001],None
train,54,548206,0.369505,None,[0.0001],None
train,54,548462,0.52156,None,[0.0001],None
train,54,548718,0.371105,None,[0.0001],None
train,54,548974,0.485379,None,[0.0001],None
train,54,549230,0.552417,None,[0.0001],None
train,54,549486,0.445745,None,[0.0001],None
train,54,549742,0.512748,None,[0.0001],None
train,54,549998,0.366368,None,[0.0001],None
train,54,550254,0.498025,None,[0.0001],None
train,54,550510,0.476357,None,[0.0001],None
train,54,550766,0.577657,None,[0.0001],None
train,54,551022,0.478297,None,[0.0001],None
train,54,551278,0.424447,None,[0.0001],None
train,54,551534,0.499513,None,[0.0001],None
train,54,551790,0.487202,None,[0.0001],None
train,54,552046,0.440044,None,[0.0001],None
train,54,552302,0.467064,None,[0.0001],None
train,54,552558,0.488203,None,[0.0001],None
train,54,552814,0.497799,None,[0.0001],None
train,54,553070,0.439062,None,[0.0001],None
train,54,553326,0.508516,None,[0.0001],None
train,54,553582,0.432183,None,[0.0001],None
train,54,553838,0.411388,None,[0.0001],None
train,54,554094,0.38978,None,[0.0001],None
train,54,554350,0.430421,None,[0.0001],None
train,54,554606,0.460243,None,[0.0001],None
train,54,554862,0.490013,None,[0.0001],None
train,54,555118,0.428681,None,[0.0001],None
train,54,555374,0.468558,None,[0.0001],None
train,54,555630,0.451265,None,[0.0001],None
train,54,555886,0.494423,None,[0.0001],None
train,54,556142,0.455354,None,[0.0001],None
train,54,556398,0.432786,None,[0.0001],None
train,54,556654,0.436793,None,[0.0001],None
train,54,556910,0.365615,None,[0.0001],None
train,54,556910,0.365615,0.628201841394,[0.0001],None
val,54,None,0.648131604358,0.5702975851,None,0.161734971340746
